,Título,Nota_Avaliação,Nome_Comentario,Comentários,Data_Comentario,Marca,Produto,Link,Palavra_Chave
0,Ótimo custo benefício,5,Atendimento,"Excelente custo benefício, meu pet adorou!!", 19/10/2024 19:14,suprema,Bifinho Suprema para Cães Sabor Carne,https://www.petlove.com.br/bifinho-suprema-carne-para-caes/p?sku=2733000,Bifinho hipoalergenico
1,Satisfação,5,Elisabete,Ótimo, 15/10/2024 22:14,suprema,Bifinho Suprema para Cães Sabor Carne,https://www.petlove.com.br/bifinho-suprema-carne-para-caes/p?sku=2733000,Bifinho hipoalergenico
2,Elogio,5,MINTZA,Meus bbs adoraram, 04/10/2024 10:22,suprema,Bifinho Suprema para Cães Sabor Carne,https://www.petlove.com.br/bifinho-suprema-carne-para-caes/p?sku=2733000,Bifinho hipoalergenico
3,Bife,5,Vanessa,Ótimo, 27/09/2024 17:35,suprema,Bifinho Suprema para Cães Sabor Carne,https://www.petlove.com.br/bifinho-suprema-carne-para-caes/p?sku=2733000,Bifinho hipoalergenico
4,Biscoitos que ela ama,5,Renata,Não fica sem eles, 25/09/2024 17:15,suprema,Bifinho Suprema para Cães Sabor Carne,https://www.petlove.com.br/bifinho-suprema-carne-para-caes/p?sku=2733000,Bifinho hipoalergenico
5,Biscoitos que ela ama,5,Renata,Não fica sem eles, 25/09/2024 17:15,suprema,Bifinho Suprema para Cães Sabor Carne,https://www.petlove.com.br/bifinho-suprema-carne-para-caes/p?sku=2733000,Bifinho hipoalergenico
6,Satisfeita,5,Vanessa,Um bom produto, 05/09/2024 17:22,suprema,Bifinho Suprema para Cães Sabor Carne,https://www.petlove.com.br/bifinho-suprema-carne-para-caes/p?sku=2733000,Bifinho hipoalergenico
7,Ração raça adulto supreme,5,Alessandra,"Produto chegou antes do prazo,adorei idêntico ao anúncio.", 04/09/2024 12:10,suprema,Bifinho Suprema para Cães Sabor Carne,https://www.petlove.com.br/bifinho-suprema-carne-para-caes/p?sku=2733000,Bifinho hipoalergenico
8,Top,5,João,Boa guloseima, 03/09/2024 22:48,suprema,Bifinho Suprema para Cães Sabor Carne,https://www.petlove.com.br/bifinho-suprema-carne-para-caes/p?sku=2733000,Bifinho hipoalergenico
9,Boa,5,walkiria,Meus cachorros adoraram, 27/08/2024 09:45,suprema,Bifinho Suprema para Cães Sabor Carne,https://www.petlove.com.br/bifinho-suprema-carne-para-caes/p?sku=2733000,Bifinho hipoalergenico
10,Brinde,5,Thaise,"Ma compra da ração me deram a opção de 2 brindes e escolhi o bifinho. O produto é gostoso ( minha cachorra quem falou ) e macio. Assim que acabar, já vai entrar no meu carrinho na próxima compra", 26/08/2024 15:45,suprema,Bifinho Suprema para Cães Sabor Carne,https://www.petlove.com.br/bifinho-suprema-carne-para-caes/p?sku=2733000,Bifinho hipoalergenico
11,Muito top,5,Willames,Meus animais gostaram, 25/08/2024 09:30,suprema,Bifinho Suprema para Cães Sabor Carne,https://www.petlove.com.br/bifinho-suprema-carne-para-caes/p?sku=2733000,Bifinho hipoalergenico
12,Brinde,5,Giovana,Meu cachorro amou!, 18/08/2024 16:22,suprema,Bifinho Suprema para Cães Sabor Carne,https://www.petlove.com.br/bifinho-suprema-carne-para-caes/p?sku=2733000,Bifinho hipoalergenico
13,Bifinhos,5,Gislaine,Ótimos, 24/07/2024 18:22,suprema,Bifinho Suprema para Cães Sabor Carne,https://www.petlove.com.br/bifinho-suprema-carne-para-caes/p?sku=2733000,Bifinho hipoalergenico
14,Produto ruim,1,Mario,"Produto muito ruim, comprei pro meu cachorro, dei apenas 2 unidades pra ver se gostava, comeu e cachorro teve diarreia! Não recomendo", 13/04/2024 06:47,suprema,Bifinho Suprema para Cães Sabor Carne,https://www.petlove.com.br/bifinho-suprema-carne-para-caes/p?sku=2733000,Bifinho hipoalergenico
15,Bifinho ótimo,5,Claudia,"Bifinho macio, de ótima qualidade. Minha cachorra adorou!", 03/01/2024 23:37,suprema,Bifinho Suprema para Cães Sabor Carne,https://www.petlove.com.br/bifinho-suprema-carne-para-caes/p?sku=2733000,Bifinho hipoalergenico
16,Meus cães amaram,4,Maria,Parece ser saboroso pois meus três cães gostaram muito., 27/11/2023 08:01,suprema,Bifinho Suprema para Cães Sabor Carne,https://www.petlove.com.br/bifinho-suprema-carne-para-caes/p?sku=2733000,Bifinho hipoalergenico
17,Joguei fora,1,Marisa,Propilenoglicol na composição, 23/09/2022 17:34,suprema,Bifinho Suprema para Cães Sabor Carne,https://www.petlove.com.br/bifinho-suprema-carne-para-caes/p?sku=2733000,Bifinho hipoalergenico
18,valor acessível,4,paola,"achei meio seco, porem o valor da bem bacana, minha pet gostou", 09/09/2022 21:53,suprema,Bifinho Suprema para Cães Sabor Carne,https://www.petlove.com.br/bifinho-suprema-carne-para-caes/p?sku=2733000,Bifinho hipoalergenico
19,Bifinho,5,Isabel,Ótimo, 02/09/2022 17:41,suprema,Bifinho Suprema para Cães Sabor Carne,https://www.petlove.com.br/bifinho-suprema-carne-para-caes/p?sku=2733000,Bifinho hipoalergenico
20,Excelente,5,Eunice,Zeus gosta muito dessa razão, 31/08/2022 17:41,suprema,Bifinho Suprema para Cães Sabor Carne,https://www.petlove.com.br/bifinho-suprema-carne-para-caes/p?sku=2733000,Bifinho hipoalergenico
21,Muito bom,5,Carol,Muito bom, 14/08/2022 20:41,suprema,Bifinho Suprema para Cães Sabor Carne,https://www.petlove.com.br/bifinho-suprema-carne-para-caes/p?sku=2733000,Bifinho hipoalergenico
22,Ótima,5,Keila,Eles adoram, 11/08/2022 20:27,suprema,Bifinho Suprema para Cães Sabor Carne,https://www.petlove.com.br/bifinho-suprema-carne-para-caes/p?sku=2733000,Bifinho hipoalergenico
23,Ótimo,5,Keila,Os cachorros adoram., 11/08/2022 20:23,suprema,Bifinho Suprema para Cães Sabor Carne,https://www.petlove.com.br/bifinho-suprema-carne-para-caes/p?sku=2733000,Bifinho hipoalergenico
24,Palatável e acessível,5,Debora,"Meus cachorros adoram esse petisco, uso nos treinos de comandos diários e para recompensar os bons comportamentos.", 04/08/2022 12:33,suprema,Bifinho Suprema para Cães Sabor Carne,https://www.petlove.com.br/bifinho-suprema-carne-para-caes/p?sku=2733000,Bifinho hipoalergenico
25,Simplesmente maravilhoso,5,Patrícia,Muito bon, 27/07/2022 17:48,suprema,Bifinho Suprema para Cães Sabor Carne,https://www.petlove.com.br/bifinho-suprema-carne-para-caes/p?sku=2733000,Bifinho hipoalergenico
26,Ótimo,5,Giovanna,A labradora amou, 27/07/2022 17:26,suprema,Bifinho Suprema para Cães Sabor Carne,https://www.petlove.com.br/bifinho-suprema-carne-para-caes/p?sku=2733000,Bifinho hipoalergenico
27,Bifinho,5,ELCIO,N, 23/07/2022 16:34,suprema,Bifinho Suprema para Cães Sabor Carne,https://www.petlove.com.br/bifinho-suprema-carne-para-caes/p?sku=2733000,Bifinho hipoalergenico
28,MARAVILHOSO,5,Gabi,meu american bully que e enjoado com tudo ficou doido com os bifinhos., 21/07/2022 08:23,suprema,Bifinho Suprema para Cães Sabor Carne,https://www.petlove.com.br/bifinho-suprema-carne-para-caes/p?sku=2733000,Bifinho hipoalergenico
29,Excelente,5,Elessandra,"É grande, porém macio os pets amaram, mesmo só velhinhos comeram bem", 16/07/2022 21:14,suprema,Bifinho Suprema para Cães Sabor Carne,https://www.petlove.com.br/bifinho-suprema-carne-para-caes/p?sku=2733000,Bifinho hipoalergenico
30,Ótimo petisco!,5,Marciele,"Até meu menino que é chato pra comer gostou desse petisco.. Não vi pedrinhas de sal, gostei disso! Já comprei petiscos que tinham pedrinhas de sal e eu não gostei, eu recomendo petiscos Suprema!", 16/07/2022 13:22,suprema,Bifinho Suprema para Cães Sabor Carne,https://www.petlove.com.br/bifinho-suprema-carne-para-caes/p?sku=2733000,Bifinho hipoalergenico
31,Ótimo,5,Karen,Gostei, 06/07/2022 23:12,suprema,Bifinho Suprema para Cães Sabor Carne,https://www.petlove.com.br/bifinho-suprema-carne-para-caes/p?sku=2733000,Bifinho hipoalergenico
32,Minha cachorrinha adora!,5,Brunna,"Uso os bifinhos para ajudar a adestrar minha cachorrinha e tem dado super certo. Ela os acha saborosos e estão sendo úteis. Vale apenas ressaltar que devem ficar sempre bem fechados pois perdem o cheiro que atrai e dá formiga facilmente. De todos os bifinhos e petiscos comprados em 5 anos, esse foi o melhor até hoje! :)", 05/07/2022 15:45,suprema,Bifinho Suprema para Cães Sabor Carne,https://www.petlove.com.br/bifinho-suprema-carne-para-caes/p?sku=2733000,Bifinho hipoalergenico
33,Ótimo petisco,5,Lice,Uma ótima opção de petiscos e com um ótimo custo benefício. Minhas cachorrinhas amam, 05/07/2022 13:16,suprema,Bifinho Suprema para Cães Sabor Carne,https://www.petlove.com.br/bifinho-suprema-carne-para-caes/p?sku=2733000,Bifinho hipoalergenico
34,Muito bom,5,Genivan,Excelente, 01/07/2022 17:26,suprema,Bifinho Suprema para Cães Sabor Carne,https://www.petlove.com.br/bifinho-suprema-carne-para-caes/p?sku=2733000,Bifinho hipoalergenico
35,Petisco,5,Paulo,Muito boa qualidade, 01/07/2022 14:03,suprema,Bifinho Suprema para Cães Sabor Carne,https://www.petlove.com.br/bifinho-suprema-carne-para-caes/p?sku=2733000,Bifinho hipoalergenico
36,Bifinho,5,Sandra,Otimo, 29/06/2022 17:35,suprema,Bifinho Suprema para Cães Sabor Carne,https://www.petlove.com.br/bifinho-suprema-carne-para-caes/p?sku=2733000,Bifinho hipoalergenico
37,Excelente produto,5,ana,Preço bom. Produto maravilhoso, 29/06/2022 08:05,suprema,Bifinho Suprema para Cães Sabor Carne,https://www.petlove.com.br/bifinho-suprema-carne-para-caes/p?sku=2733000,Bifinho hipoalergenico
38,Bom,5,Suara,Recomendo, 24/06/2022 20:13,suprema,Bifinho Suprema para Cães Sabor Carne,https://www.petlove.com.br/bifinho-suprema-carne-para-caes/p?sku=2733000,Bifinho hipoalergenico
39,Mto bom!!,5,Glaucia,Meu cachorrinho gostou e até meus gatinhos, 24/06/2022 17:25,suprema,Bifinho Suprema para Cães Sabor Carne,https://www.petlove.com.br/bifinho-suprema-carne-para-caes/p?sku=2733000,Bifinho hipoalergenico
40,EXCELENTE,5,Rafael,"Meu cachorro amou o produto, entrega muito rápida e excelente qualidade do item.", 24/06/2022 14:31,suprema,Bifinho Suprema para Cães Sabor Carne,https://www.petlove.com.br/bifinho-suprema-carne-para-caes/p?sku=2733000,Bifinho hipoalergenico
41,Muito bom!,5,Marciele,Ate meu minino que é chato pra comer gostou do pestisco!, 23/06/2022 11:09,suprema,Bifinho Suprema para Cães Sabor Carne,https://www.petlove.com.br/bifinho-suprema-carne-para-caes/p?sku=2733000,Bifinho hipoalergenico
42,Ótimo,5,Vicente,Meus pets adoram., 21/06/2022 18:08,suprema,Bifinho Suprema para Cães Sabor Carne,https://www.petlove.com.br/bifinho-suprema-carne-para-caes/p?sku=2733000,Bifinho hipoalergenico
43,Eles gostam,5,Libia,Uma boa distração!, 18/06/2022 20:17,suprema,Bifinho Suprema para Cães Sabor Carne,https://www.petlove.com.br/bifinho-suprema-carne-para-caes/p?sku=2733000,Bifinho hipoalergenico
44,SUPER PALATÁVEL,5,Alessandra,MEUS CÃES AMARAM. SUPER PALATÁVEL E COMO RECOMPENSA É EXCELENTE, 07/06/2022 11:57,suprema,Bifinho Suprema para Cães Sabor Carne,https://www.petlove.com.br/bifinho-suprema-carne-para-caes/p?sku=2733000,Bifinho hipoalergenico
45,Excelente,5,MARCIA,"Os bifinhos são muito macios e devem ser deliciosos, pois os meus pequenos enlouquecem quando eu pego o pacote para oferecer pra eles. Produto excelente e o preço maravilhoso. Estou na minha segunda compra.", 31/05/2022 17:36,suprema,Bifinho Suprema para Cães Sabor Carne,https://www.petlove.com.br/bifinho-suprema-carne-para-caes/p?sku=2733000,Bifinho hipoalergenico
46,Muito bom,5,Willian,Muito bom, 20/05/2022 15:57,suprema,Bifinho Suprema para Cães Sabor Carne,https://www.petlove.com.br/bifinho-suprema-carne-para-caes/p?sku=2733000,Bifinho hipoalergenico
47,Bom e barato,5,Carolina,"Minhas cachorras parecem ter gostado bastante,elas acharam a embalagem escondida facilmente", 17/05/2022 10:10,suprema,Bifinho Suprema para Cães Sabor Carne,https://www.petlove.com.br/bifinho-suprema-carne-para-caes/p?sku=2733000,Bifinho hipoalergenico
48,Maravilhoso,5,Jessica,Minha dog amou! Todo dia quer um petisco!, 10/05/2022 17:55,suprema,Bifinho Suprema para Cães Sabor Carne,https://www.petlove.com.br/bifinho-suprema-carne-para-caes/p?sku=2733000,Bifinho hipoalergenico
49,Deliciosos,5,PAULO,"Só em pegar o pacote com os Bifinhos, os meus Pets já demonstram o quanto amam o produto, pulando de alegria. É um produto indispensável na alimentação da Princesa e da Mel.", 06/05/2022 05:47,suprema,Bifinho Suprema para Cães Sabor Carne,https://www.petlove.com.br/bifinho-suprema-carne-para-caes/p?sku=2733000,Bifinho hipoalergenico
50,Divino,5,Priscilla,Super aceitaram, 05/05/2022 00:20,suprema,Bifinho Suprema para Cães Sabor Carne,https://www.petlove.com.br/bifinho-suprema-carne-para-caes/p?sku=2733000,Bifinho hipoalergenico
51,Minha cachorra gostou,5,Taciane,Minha cachorra gostou bastante, 03/05/2022 18:00,suprema,Bifinho Suprema para Cães Sabor Carne,https://www.petlove.com.br/bifinho-suprema-carne-para-caes/p?sku=2733000,Bifinho hipoalergenico
52,Ótimo,5,Daniella,Minha pet ama, 29/04/2022 13:49,suprema,Bifinho Suprema para Cães Sabor Carne,https://www.petlove.com.br/bifinho-suprema-carne-para-caes/p?sku=2733000,Bifinho hipoalergenico
53,Bifinho,5,Carina,Ele adorou, 22/03/2022 17:37,suprema,Bifinho Suprema para Cães Sabor Carne,https://www.petlove.com.br/bifinho-suprema-carne-para-caes/p?sku=2733000,Bifinho hipoalergenico
54,Ótimo !,5,Tamires,"Minha Luna parece ter amado, então … só elogios mesmo", 16/03/2022 00:36,suprema,Bifinho Suprema para Cães Sabor Carne,https://www.petlove.com.br/bifinho-suprema-carne-para-caes/p?sku=2733000,Bifinho hipoalergenico
55,❤️,5,Helen,Agrado q eles amam, 03/03/2022 08:06,suprema,Bifinho Suprema para Cães Sabor Carne,https://www.petlove.com.br/bifinho-suprema-carne-para-caes/p?sku=2733000,Bifinho hipoalergenico
56,Excelente,5,Mário,Produto maravilhoso, 23/02/2022 12:11,suprema,Bifinho Suprema para Cães Sabor Carne,https://www.petlove.com.br/bifinho-suprema-carne-para-caes/p?sku=2733000,Bifinho hipoalergenico
57,Excelente qualidade,5,Adria,Minha Husky amou!, 16/02/2022 19:36,suprema,Bifinho Suprema para Cães Sabor Carne,https://www.petlove.com.br/bifinho-suprema-carne-para-caes/p?sku=2733000,Bifinho hipoalergenico
58,Os meus dogs amaram,5,Elisabete,Excelente, 15/02/2022 22:09,suprema,Bifinho Suprema para Cães Sabor Carne,https://www.petlove.com.br/bifinho-suprema-carne-para-caes/p?sku=2733000,Bifinho hipoalergenico
59,Bom,5,Victória,Bom, 04/02/2022 17:24,suprema,Bifinho Suprema para Cães Sabor Carne,https://www.petlove.com.br/bifinho-suprema-carne-para-caes/p?sku=2733000,Bifinho hipoalergenico
60,Ótimo,5,Cleberson,A Chloé amou, 24/01/2022 17:57,suprema,Bifinho Suprema para Cães Sabor Carne,https://www.petlove.com.br/bifinho-suprema-carne-para-caes/p?sku=2733000,Bifinho hipoalergenico
