,Título,Nota_Avaliação,Nome_Comentario,Comentários,Data_Comentario,Marca,Produto,Link,Palavra_Chave
0,Bom,5,Thaís,Minha cachorrinha tem alergia alimentar e o petisco foi super aprovado. Não deu nenhuma reação e ela gostou do sabor. Só não ficou calminha pq é uma pinscher e é naturalmente estressada hehehe, 17/11/2024 19:57,alles-pet,Biscoito Hipoalergênico Alles Pet Maracujá e Camomila,https://www.petlove.com.br/biscoito-hipoalergenico-alles-pet-maracuja-e-camomila/p?sku=3102751365,Petisco calmante
1,Perfeito,5,Tatiana,Maravilhosa, 01/07/2024 08:19,alles-pet,Biscoito Hipoalergênico Alles Pet Maracujá e Camomila,https://www.petlove.com.br/biscoito-hipoalergenico-alles-pet-maracuja-e-camomila/p?sku=3102751365,Petisco calmante
2,Muito bom!!!,5,Viviane,Deixa pet mais calmo!! Buldogue, 27/11/2023 19:11,alles-pet,Biscoito Hipoalergênico Alles Pet Maracujá e Camomila,https://www.petlove.com.br/biscoito-hipoalergenico-alles-pet-maracuja-e-camomila/p?sku=3102751365,Petisco calmante
3,Sabor,2,Edimara,"Muito amargo… é muito cheiro de camomila, meus dogs não se interessaram..", 28/12/2022 20:08,alles-pet,Biscoito Hipoalergênico Alles Pet Maracujá e Camomila,https://www.petlove.com.br/biscoito-hipoalergenico-alles-pet-maracuja-e-camomila/p?sku=3102751365,Petisco calmante
4,Bom,3,Elessandra,Meu cão gostou, 16/12/2022 21:55,alles-pet,Biscoito Hipoalergênico Alles Pet Maracujá e Camomila,https://www.petlove.com.br/biscoito-hipoalergenico-alles-pet-maracuja-e-camomila/p?sku=3102751365,Petisco calmante
5,Bom,3,Elessandra,Meu cão gostou, 16/12/2022 21:55,alles-pet,Biscoito Hipoalergênico Alles Pet Maracujá e Camomila,https://www.petlove.com.br/biscoito-hipoalergenico-alles-pet-maracuja-e-camomila/p?sku=3102751365,Petisco calmante
6,Maravilhoso!!,5,Ana,"Única coisa que acalma o meu cachorro, ele não gosta no primeiro momento, mas come direitinho e já noto diferenças", 21/11/2022 10:42,alles-pet,Biscoito Hipoalergênico Alles Pet Maracujá e Camomila,https://www.petlove.com.br/biscoito-hipoalergenico-alles-pet-maracuja-e-camomila/p?sku=3102751365,Petisco calmante
