,Título,Nota_Avaliação,Nome_Comentario,Comentários,Data_Comentario,Marca,Produto,Link,Palavra_Chave
0,Cumpre o que promete,5,Daniele,Acalma mesmo e é otimo como petisco., 15/02/2025 10:55,organnact,Suplemento Organnact Calmyn Dog Sticks para Cães,https://www.petlove.com.br/petisco-organnact-calmyn-dog-sticks-para-caes/p?sku=3102748345,petisco suplementoso
1,Caramelos,5,Maria,Minhas cachorras adoram, 26/12/2024 10:17,organnact,Suplemento Organnact Calmyn Dog Sticks para Cães,https://www.petlove.com.br/petisco-organnact-calmyn-dog-sticks-para-caes/p?sku=3102748345,petisco suplementoso
2,Milagroso!,5,Paulo,"Nossas duas SRD são viradas no Jiraya! Esse petisco acalma demais as duas. É nítido a diferença de quando saímos de casa sem dar o petisco antes. Dando o petisco uns 20 minutos antes de sairmos, elas ficam de boa. Sem dar o petisco, é o caos na terra de choro e latidos. Tô fazendo estoque dessa droga pesadíssima!", 18/05/2024 11:23,organnact,Suplemento Organnact Calmyn Dog Sticks para Cães,https://www.petlove.com.br/petisco-organnact-calmyn-dog-sticks-para-caes/p?sku=3102748345,petisco suplementoso
3,Não parece muito atrativo,2,jonas,"Meu cachorro cheirou, mas nas poucas vezes que tentou interagir não comeu. Até tentei quebrar, mas era muito duro, e o que consegui dar ele cuspiu.", 17/03/2024 00:45,organnact,Suplemento Organnact Calmyn Dog Sticks para Cães,https://www.petlove.com.br/petisco-organnact-calmyn-dog-sticks-para-caes/p?sku=3102748345,petisco suplementoso
4,Shihtzu,2,Marcia,"Comprei pro meu shihtzu, mas ele cheirou e não comeu", 14/01/2024 23:38,organnact,Suplemento Organnact Calmyn Dog Sticks para Cães,https://www.petlove.com.br/petisco-organnact-calmyn-dog-sticks-para-caes/p?sku=3102748345,petisco suplementoso
5,Shihtzu,2,Marcia,"Comprei pro meu shihtzu, mas ele cheirou e não comeu", 14/01/2024 23:38,organnact,Suplemento Organnact Calmyn Dog Sticks para Cães,https://www.petlove.com.br/petisco-organnact-calmyn-dog-sticks-para-caes/p?sku=3102748345,petisco suplementoso
6,Ótimo,5,Leticia,Minha cachorrinha fica mais calma., 22/08/2023 17:23,organnact,Suplemento Organnact Calmyn Dog Sticks para Cães,https://www.petlove.com.br/petisco-organnact-calmyn-dog-sticks-para-caes/p?sku=3102748345,petisco suplementoso
7,Maravilhoso,5,Matheus,"Efeito calmante não notei muito, mas meus meninos são doidos por esse petisco", 19/11/2022 11:29,organnact,Suplemento Organnact Calmyn Dog Sticks para Cães,https://www.petlove.com.br/petisco-organnact-calmyn-dog-sticks-para-caes/p?sku=3102748345,petisco suplementoso
8,Cumpre o que promete,5,Daniele,Acalma mesmo e é otimo como petisco., 15/02/2025 10:55,organnact,Suplemento Organnact Fitodent Dog Sticks para Cães,https://www.petlove.com.br/petisco-organnact-fitodent-dog-sticks-para-caes/p?sku=3102748335,petisco suplementoso
9,Caramelos,5,Maria,Minhas cachorras adoram, 26/12/2024 10:17,organnact,Suplemento Organnact Fitodent Dog Sticks para Cães,https://www.petlove.com.br/petisco-organnact-fitodent-dog-sticks-para-caes/p?sku=3102748335,petisco suplementoso
10,Milagroso!,5,Paulo,"Nossas duas SRD são viradas no Jiraya! Esse petisco acalma demais as duas. É nítido a diferença de quando saímos de casa sem dar o petisco antes. Dando o petisco uns 20 minutos antes de sairmos, elas ficam de boa. Sem dar o petisco, é o caos na terra de choro e latidos. Tô fazendo estoque dessa droga pesadíssima!", 18/05/2024 11:23,organnact,Suplemento Organnact Fitodent Dog Sticks para Cães,https://www.petlove.com.br/petisco-organnact-fitodent-dog-sticks-para-caes/p?sku=3102748335,petisco suplementoso
11,Não parece muito atrativo,2,jonas,"Meu cachorro cheirou, mas nas poucas vezes que tentou interagir não comeu. Até tentei quebrar, mas era muito duro, e o que consegui dar ele cuspiu.", 17/03/2024 00:45,organnact,Suplemento Organnact Fitodent Dog Sticks para Cães,https://www.petlove.com.br/petisco-organnact-fitodent-dog-sticks-para-caes/p?sku=3102748335,petisco suplementoso
12,Shihtzu,2,Marcia,"Comprei pro meu shihtzu, mas ele cheirou e não comeu", 14/01/2024 23:38,organnact,Suplemento Organnact Fitodent Dog Sticks para Cães,https://www.petlove.com.br/petisco-organnact-fitodent-dog-sticks-para-caes/p?sku=3102748335,petisco suplementoso
13,Shihtzu,2,Marcia,"Comprei pro meu shihtzu, mas ele cheirou e não comeu", 14/01/2024 23:38,organnact,Suplemento Organnact Fitodent Dog Sticks para Cães,https://www.petlove.com.br/petisco-organnact-fitodent-dog-sticks-para-caes/p?sku=3102748335,petisco suplementoso
14,Ótimo,5,Leticia,Minha cachorrinha fica mais calma., 22/08/2023 17:23,organnact,Suplemento Organnact Fitodent Dog Sticks para Cães,https://www.petlove.com.br/petisco-organnact-fitodent-dog-sticks-para-caes/p?sku=3102748335,petisco suplementoso
15,Maravilhoso,5,Matheus,"Efeito calmante não notei muito, mas meus meninos são doidos por esse petisco", 19/11/2022 11:29,organnact,Suplemento Organnact Fitodent Dog Sticks para Cães,https://www.petlove.com.br/petisco-organnact-fitodent-dog-sticks-para-caes/p?sku=3102748335,petisco suplementoso
16,Ótima,5,Juliana,Muito boa, 23/03/2024 21:59,organnact,Suplemento Organnact Fitodent Dog Sticks para Cães,https://www.petlove.com.br/petisco-organnact-fitodent-dog-sticks-para-caes/p?sku=3102748335,petisco suplementoso
17,Muito bom pros dentinhos,5,Giovanna,"Minha neném amaaa. A veterinária recomendou por conta dos tártaros, por ser sptiz tem uma tendência maior. Dou a metade de um filetinho de 2 em 2 dias. É ótimo! Todo veterinário elogia a saúde dos dentinhos dela", 21/07/2023 16:51,organnact,Suplemento Organnact Fitodent Dog Sticks para Cães,https://www.petlove.com.br/petisco-organnact-fitodent-dog-sticks-para-caes/p?sku=3102748335,petisco suplementoso
18,Muito bom,5,Eduardo,Meu shih tzu ama! Ele demorou um pouco para se acostumar. Hoje em dia quando pego para dar ele fica pulando de felicidade., 16/06/2023 19:17,organnact,Suplemento Organnact Fitodent Dog Sticks para Cães,https://www.petlove.com.br/petisco-organnact-fitodent-dog-sticks-para-caes/p?sku=3102748335,petisco suplementoso
19,Cumpre o que promete,5,Daniele,Acalma mesmo e é otimo como petisco., 15/02/2025 10:55,vitz-pet,Suplemento Vitz Pet Pele e Pelo Sabor Carne 900 mg para Cães e Gatos,https://www.petlove.com.br/suplemento-vitz-pet-pele-e-pelo-900-mg-para-caes/p?sku=31027528315,petisco suplementoso
20,Caramelos,5,Maria,Minhas cachorras adoram, 26/12/2024 10:17,vitz-pet,Suplemento Vitz Pet Pele e Pelo Sabor Carne 900 mg para Cães e Gatos,https://www.petlove.com.br/suplemento-vitz-pet-pele-e-pelo-900-mg-para-caes/p?sku=31027528315,petisco suplementoso
21,Milagroso!,5,Paulo,"Nossas duas SRD são viradas no Jiraya! Esse petisco acalma demais as duas. É nítido a diferença de quando saímos de casa sem dar o petisco antes. Dando o petisco uns 20 minutos antes de sairmos, elas ficam de boa. Sem dar o petisco, é o caos na terra de choro e latidos. Tô fazendo estoque dessa droga pesadíssima!", 18/05/2024 11:23,vitz-pet,Suplemento Vitz Pet Pele e Pelo Sabor Carne 900 mg para Cães e Gatos,https://www.petlove.com.br/suplemento-vitz-pet-pele-e-pelo-900-mg-para-caes/p?sku=31027528315,petisco suplementoso
22,Não parece muito atrativo,2,jonas,"Meu cachorro cheirou, mas nas poucas vezes que tentou interagir não comeu. Até tentei quebrar, mas era muito duro, e o que consegui dar ele cuspiu.", 17/03/2024 00:45,vitz-pet,Suplemento Vitz Pet Pele e Pelo Sabor Carne 900 mg para Cães e Gatos,https://www.petlove.com.br/suplemento-vitz-pet-pele-e-pelo-900-mg-para-caes/p?sku=31027528315,petisco suplementoso
23,Shihtzu,2,Marcia,"Comprei pro meu shihtzu, mas ele cheirou e não comeu", 14/01/2024 23:38,vitz-pet,Suplemento Vitz Pet Pele e Pelo Sabor Carne 900 mg para Cães e Gatos,https://www.petlove.com.br/suplemento-vitz-pet-pele-e-pelo-900-mg-para-caes/p?sku=31027528315,petisco suplementoso
24,Shihtzu,2,Marcia,"Comprei pro meu shihtzu, mas ele cheirou e não comeu", 14/01/2024 23:38,vitz-pet,Suplemento Vitz Pet Pele e Pelo Sabor Carne 900 mg para Cães e Gatos,https://www.petlove.com.br/suplemento-vitz-pet-pele-e-pelo-900-mg-para-caes/p?sku=31027528315,petisco suplementoso
25,Ótimo,5,Leticia,Minha cachorrinha fica mais calma., 22/08/2023 17:23,vitz-pet,Suplemento Vitz Pet Pele e Pelo Sabor Carne 900 mg para Cães e Gatos,https://www.petlove.com.br/suplemento-vitz-pet-pele-e-pelo-900-mg-para-caes/p?sku=31027528315,petisco suplementoso
26,Maravilhoso,5,Matheus,"Efeito calmante não notei muito, mas meus meninos são doidos por esse petisco", 19/11/2022 11:29,vitz-pet,Suplemento Vitz Pet Pele e Pelo Sabor Carne 900 mg para Cães e Gatos,https://www.petlove.com.br/suplemento-vitz-pet-pele-e-pelo-900-mg-para-caes/p?sku=31027528315,petisco suplementoso
27,Ótima,5,Juliana,Muito boa, 23/03/2024 21:59,vitz-pet,Suplemento Vitz Pet Pele e Pelo Sabor Carne 900 mg para Cães e Gatos,https://www.petlove.com.br/suplemento-vitz-pet-pele-e-pelo-900-mg-para-caes/p?sku=31027528315,petisco suplementoso
28,Muito bom pros dentinhos,5,Giovanna,"Minha neném amaaa. A veterinária recomendou por conta dos tártaros, por ser sptiz tem uma tendência maior. Dou a metade de um filetinho de 2 em 2 dias. É ótimo! Todo veterinário elogia a saúde dos dentinhos dela", 21/07/2023 16:51,vitz-pet,Suplemento Vitz Pet Pele e Pelo Sabor Carne 900 mg para Cães e Gatos,https://www.petlove.com.br/suplemento-vitz-pet-pele-e-pelo-900-mg-para-caes/p?sku=31027528315,petisco suplementoso
29,Muito bom,5,Eduardo,Meu shih tzu ama! Ele demorou um pouco para se acostumar. Hoje em dia quando pego para dar ele fica pulando de felicidade., 16/06/2023 19:17,vitz-pet,Suplemento Vitz Pet Pele e Pelo Sabor Carne 900 mg para Cães e Gatos,https://www.petlove.com.br/suplemento-vitz-pet-pele-e-pelo-900-mg-para-caes/p?sku=31027528315,petisco suplementoso
30,Excelente,5,Rosy,"Melhorou muito a coceira dos meus cachorrinhos, continuo no tratamento.", 17/03/2025 19:46,vitz-pet,Suplemento Vitz Pet Pele e Pelo Sabor Carne 900 mg para Cães e Gatos,https://www.petlove.com.br/suplemento-vitz-pet-pele-e-pelo-900-mg-para-caes/p?sku=31027528315,petisco suplementoso
31,Otima,5,Eliane,Produto muito bom, 30/01/2025 18:48,vitz-pet,Suplemento Vitz Pet Pele e Pelo Sabor Carne 900 mg para Cães e Gatos,https://www.petlove.com.br/suplemento-vitz-pet-pele-e-pelo-900-mg-para-caes/p?sku=31027528315,petisco suplementoso
32,Amei,5,Silvio,Adorei o suplemento acabou com a lágrima ácida do meu lulu da pomerânia, 25/10/2024 09:38,vitz-pet,Suplemento Vitz Pet Pele e Pelo Sabor Carne 900 mg para Cães e Gatos,https://www.petlove.com.br/suplemento-vitz-pet-pele-e-pelo-900-mg-para-caes/p?sku=31027528315,petisco suplementoso
33,Mudança radical,5,Jucineide,"Amei, eles mastigam e é palatável de carne...", 14/10/2024 13:35,vitz-pet,Suplemento Vitz Pet Pele e Pelo Sabor Carne 900 mg para Cães e Gatos,https://www.petlove.com.br/suplemento-vitz-pet-pele-e-pelo-900-mg-para-caes/p?sku=31027528315,petisco suplementoso
34,Recomendo,5,Rosemeire,"Depois da adaptação, assim que pego o frasco ela já vem pra tomar o medicamento",eire ,vitz-pet,Suplemento Vitz Pet Pele e Pelo Sabor Carne 900 mg para Cães e Gatos,https://www.petlove.com.br/suplemento-vitz-pet-pele-e-pelo-900-mg-para-caes/p?sku=31027528315,petisco suplementoso
35,Cumpre o que promete,5,Daniele,Acalma mesmo e é otimo como petisco., 15/02/2025 10:55,vitz-pet,Suplemento Vitz Pet Ômega 3 1000 Sabor Carne 1620 mg para Cães e Gatos,https://www.petlove.com.br/suplemento-vitz-pet-omega-3-1000-1620-mg-para-caes/p?sku=31027528309,petisco suplementoso
36,Caramelos,5,Maria,Minhas cachorras adoram, 26/12/2024 10:17,vitz-pet,Suplemento Vitz Pet Ômega 3 1000 Sabor Carne 1620 mg para Cães e Gatos,https://www.petlove.com.br/suplemento-vitz-pet-omega-3-1000-1620-mg-para-caes/p?sku=31027528309,petisco suplementoso
37,Milagroso!,5,Paulo,"Nossas duas SRD são viradas no Jiraya! Esse petisco acalma demais as duas. É nítido a diferença de quando saímos de casa sem dar o petisco antes. Dando o petisco uns 20 minutos antes de sairmos, elas ficam de boa. Sem dar o petisco, é o caos na terra de choro e latidos. Tô fazendo estoque dessa droga pesadíssima!", 18/05/2024 11:23,vitz-pet,Suplemento Vitz Pet Ômega 3 1000 Sabor Carne 1620 mg para Cães e Gatos,https://www.petlove.com.br/suplemento-vitz-pet-omega-3-1000-1620-mg-para-caes/p?sku=31027528309,petisco suplementoso
38,Não parece muito atrativo,2,jonas,"Meu cachorro cheirou, mas nas poucas vezes que tentou interagir não comeu. Até tentei quebrar, mas era muito duro, e o que consegui dar ele cuspiu.", 17/03/2024 00:45,vitz-pet,Suplemento Vitz Pet Ômega 3 1000 Sabor Carne 1620 mg para Cães e Gatos,https://www.petlove.com.br/suplemento-vitz-pet-omega-3-1000-1620-mg-para-caes/p?sku=31027528309,petisco suplementoso
39,Shihtzu,2,Marcia,"Comprei pro meu shihtzu, mas ele cheirou e não comeu", 14/01/2024 23:38,vitz-pet,Suplemento Vitz Pet Ômega 3 1000 Sabor Carne 1620 mg para Cães e Gatos,https://www.petlove.com.br/suplemento-vitz-pet-omega-3-1000-1620-mg-para-caes/p?sku=31027528309,petisco suplementoso
40,Shihtzu,2,Marcia,"Comprei pro meu shihtzu, mas ele cheirou e não comeu", 14/01/2024 23:38,vitz-pet,Suplemento Vitz Pet Ômega 3 1000 Sabor Carne 1620 mg para Cães e Gatos,https://www.petlove.com.br/suplemento-vitz-pet-omega-3-1000-1620-mg-para-caes/p?sku=31027528309,petisco suplementoso
41,Ótimo,5,Leticia,Minha cachorrinha fica mais calma., 22/08/2023 17:23,vitz-pet,Suplemento Vitz Pet Ômega 3 1000 Sabor Carne 1620 mg para Cães e Gatos,https://www.petlove.com.br/suplemento-vitz-pet-omega-3-1000-1620-mg-para-caes/p?sku=31027528309,petisco suplementoso
42,Maravilhoso,5,Matheus,"Efeito calmante não notei muito, mas meus meninos são doidos por esse petisco", 19/11/2022 11:29,vitz-pet,Suplemento Vitz Pet Ômega 3 1000 Sabor Carne 1620 mg para Cães e Gatos,https://www.petlove.com.br/suplemento-vitz-pet-omega-3-1000-1620-mg-para-caes/p?sku=31027528309,petisco suplementoso
43,Ótima,5,Juliana,Muito boa, 23/03/2024 21:59,vitz-pet,Suplemento Vitz Pet Ômega 3 1000 Sabor Carne 1620 mg para Cães e Gatos,https://www.petlove.com.br/suplemento-vitz-pet-omega-3-1000-1620-mg-para-caes/p?sku=31027528309,petisco suplementoso
44,Muito bom pros dentinhos,5,Giovanna,"Minha neném amaaa. A veterinária recomendou por conta dos tártaros, por ser sptiz tem uma tendência maior. Dou a metade de um filetinho de 2 em 2 dias. É ótimo! Todo veterinário elogia a saúde dos dentinhos dela", 21/07/2023 16:51,vitz-pet,Suplemento Vitz Pet Ômega 3 1000 Sabor Carne 1620 mg para Cães e Gatos,https://www.petlove.com.br/suplemento-vitz-pet-omega-3-1000-1620-mg-para-caes/p?sku=31027528309,petisco suplementoso
45,Muito bom,5,Eduardo,Meu shih tzu ama! Ele demorou um pouco para se acostumar. Hoje em dia quando pego para dar ele fica pulando de felicidade., 16/06/2023 19:17,vitz-pet,Suplemento Vitz Pet Ômega 3 1000 Sabor Carne 1620 mg para Cães e Gatos,https://www.petlove.com.br/suplemento-vitz-pet-omega-3-1000-1620-mg-para-caes/p?sku=31027528309,petisco suplementoso
46,Excelente,5,Rosy,"Melhorou muito a coceira dos meus cachorrinhos, continuo no tratamento.", 17/03/2025 19:46,vitz-pet,Suplemento Vitz Pet Ômega 3 1000 Sabor Carne 1620 mg para Cães e Gatos,https://www.petlove.com.br/suplemento-vitz-pet-omega-3-1000-1620-mg-para-caes/p?sku=31027528309,petisco suplementoso
47,Otima,5,Eliane,Produto muito bom, 30/01/2025 18:48,vitz-pet,Suplemento Vitz Pet Ômega 3 1000 Sabor Carne 1620 mg para Cães e Gatos,https://www.petlove.com.br/suplemento-vitz-pet-omega-3-1000-1620-mg-para-caes/p?sku=31027528309,petisco suplementoso
48,Amei,5,Silvio,Adorei o suplemento acabou com a lágrima ácida do meu lulu da pomerânia, 25/10/2024 09:38,vitz-pet,Suplemento Vitz Pet Ômega 3 1000 Sabor Carne 1620 mg para Cães e Gatos,https://www.petlove.com.br/suplemento-vitz-pet-omega-3-1000-1620-mg-para-caes/p?sku=31027528309,petisco suplementoso
49,Mudança radical,5,Jucineide,"Amei, eles mastigam e é palatável de carne...", 14/10/2024 13:35,vitz-pet,Suplemento Vitz Pet Ômega 3 1000 Sabor Carne 1620 mg para Cães e Gatos,https://www.petlove.com.br/suplemento-vitz-pet-omega-3-1000-1620-mg-para-caes/p?sku=31027528309,petisco suplementoso
50,Recomendo,5,Rosemeire,"Depois da adaptação, assim que pego o frasco ela já vem pra tomar o medicamento",eire ,vitz-pet,Suplemento Vitz Pet Ômega 3 1000 Sabor Carne 1620 mg para Cães e Gatos,https://www.petlove.com.br/suplemento-vitz-pet-omega-3-1000-1620-mg-para-caes/p?sku=31027528309,petisco suplementoso
51,"Não gostei, muito grande a cápsula",1,Vitória,"A cápsula é estremamente grande para administrar para um animal idoso, deveria ser menor", 26/02/2025 14:38,vitz-pet,Suplemento Vitz Pet Ômega 3 1000 Sabor Carne 1620 mg para Cães e Gatos,https://www.petlove.com.br/suplemento-vitz-pet-omega-3-1000-1620-mg-para-caes/p?sku=31027528309,petisco suplementoso
52,Omega1000,5,Monica,Maravilhoso, 13/02/2025 00:36,vitz-pet,Suplemento Vitz Pet Ômega 3 1000 Sabor Carne 1620 mg para Cães e Gatos,https://www.petlove.com.br/suplemento-vitz-pet-omega-3-1000-1620-mg-para-caes/p?sku=31027528309,petisco suplementoso
53,Suplemento,5,Katia,Comecei a dar agora, 27/01/2025 17:40,vitz-pet,Suplemento Vitz Pet Ômega 3 1000 Sabor Carne 1620 mg para Cães e Gatos,https://www.petlove.com.br/suplemento-vitz-pet-omega-3-1000-1620-mg-para-caes/p?sku=31027528309,petisco suplementoso
54,Excelente,5,Luciano,Excelente, 28/12/2024 17:40,vitz-pet,Suplemento Vitz Pet Ômega 3 1000 Sabor Carne 1620 mg para Cães e Gatos,https://www.petlove.com.br/suplemento-vitz-pet-omega-3-1000-1620-mg-para-caes/p?sku=31027528309,petisco suplementoso
55,Ômega 3,5,Ana,Comprei pra ver se melhora os olhos da minha cachorra que tem muita secreção, 23/11/2024 15:47,vitz-pet,Suplemento Vitz Pet Ômega 3 1000 Sabor Carne 1620 mg para Cães e Gatos,https://www.petlove.com.br/suplemento-vitz-pet-omega-3-1000-1620-mg-para-caes/p?sku=31027528309,petisco suplementoso
56,Cumpre o que promete,5,Daniele,Acalma mesmo e é otimo como petisco., 15/02/2025 10:55,vitz-pet,Suplemento Vitz Pet Colágeno II Sabor Carne 830 mg para Cães e Gatos,https://www.petlove.com.br/suplemento-vitz-pet-colageno-ii-1060-mg-para-caes/p?sku=31027528312,petisco suplementoso
57,Caramelos,5,Maria,Minhas cachorras adoram, 26/12/2024 10:17,vitz-pet,Suplemento Vitz Pet Colágeno II Sabor Carne 830 mg para Cães e Gatos,https://www.petlove.com.br/suplemento-vitz-pet-colageno-ii-1060-mg-para-caes/p?sku=31027528312,petisco suplementoso
58,Milagroso!,5,Paulo,"Nossas duas SRD são viradas no Jiraya! Esse petisco acalma demais as duas. É nítido a diferença de quando saímos de casa sem dar o petisco antes. Dando o petisco uns 20 minutos antes de sairmos, elas ficam de boa. Sem dar o petisco, é o caos na terra de choro e latidos. Tô fazendo estoque dessa droga pesadíssima!", 18/05/2024 11:23,vitz-pet,Suplemento Vitz Pet Colágeno II Sabor Carne 830 mg para Cães e Gatos,https://www.petlove.com.br/suplemento-vitz-pet-colageno-ii-1060-mg-para-caes/p?sku=31027528312,petisco suplementoso
59,Não parece muito atrativo,2,jonas,"Meu cachorro cheirou, mas nas poucas vezes que tentou interagir não comeu. Até tentei quebrar, mas era muito duro, e o que consegui dar ele cuspiu.", 17/03/2024 00:45,vitz-pet,Suplemento Vitz Pet Colágeno II Sabor Carne 830 mg para Cães e Gatos,https://www.petlove.com.br/suplemento-vitz-pet-colageno-ii-1060-mg-para-caes/p?sku=31027528312,petisco suplementoso
60,Shihtzu,2,Marcia,"Comprei pro meu shihtzu, mas ele cheirou e não comeu", 14/01/2024 23:38,vitz-pet,Suplemento Vitz Pet Colágeno II Sabor Carne 830 mg para Cães e Gatos,https://www.petlove.com.br/suplemento-vitz-pet-colageno-ii-1060-mg-para-caes/p?sku=31027528312,petisco suplementoso
61,Shihtzu,2,Marcia,"Comprei pro meu shihtzu, mas ele cheirou e não comeu", 14/01/2024 23:38,vitz-pet,Suplemento Vitz Pet Colágeno II Sabor Carne 830 mg para Cães e Gatos,https://www.petlove.com.br/suplemento-vitz-pet-colageno-ii-1060-mg-para-caes/p?sku=31027528312,petisco suplementoso
62,Ótimo,5,Leticia,Minha cachorrinha fica mais calma., 22/08/2023 17:23,vitz-pet,Suplemento Vitz Pet Colágeno II Sabor Carne 830 mg para Cães e Gatos,https://www.petlove.com.br/suplemento-vitz-pet-colageno-ii-1060-mg-para-caes/p?sku=31027528312,petisco suplementoso
63,Maravilhoso,5,Matheus,"Efeito calmante não notei muito, mas meus meninos são doidos por esse petisco", 19/11/2022 11:29,vitz-pet,Suplemento Vitz Pet Colágeno II Sabor Carne 830 mg para Cães e Gatos,https://www.petlove.com.br/suplemento-vitz-pet-colageno-ii-1060-mg-para-caes/p?sku=31027528312,petisco suplementoso
64,Ótima,5,Juliana,Muito boa, 23/03/2024 21:59,vitz-pet,Suplemento Vitz Pet Colágeno II Sabor Carne 830 mg para Cães e Gatos,https://www.petlove.com.br/suplemento-vitz-pet-colageno-ii-1060-mg-para-caes/p?sku=31027528312,petisco suplementoso
65,Muito bom pros dentinhos,5,Giovanna,"Minha neném amaaa. A veterinária recomendou por conta dos tártaros, por ser sptiz tem uma tendência maior. Dou a metade de um filetinho de 2 em 2 dias. É ótimo! Todo veterinário elogia a saúde dos dentinhos dela", 21/07/2023 16:51,vitz-pet,Suplemento Vitz Pet Colágeno II Sabor Carne 830 mg para Cães e Gatos,https://www.petlove.com.br/suplemento-vitz-pet-colageno-ii-1060-mg-para-caes/p?sku=31027528312,petisco suplementoso
66,Muito bom,5,Eduardo,Meu shih tzu ama! Ele demorou um pouco para se acostumar. Hoje em dia quando pego para dar ele fica pulando de felicidade., 16/06/2023 19:17,vitz-pet,Suplemento Vitz Pet Colágeno II Sabor Carne 830 mg para Cães e Gatos,https://www.petlove.com.br/suplemento-vitz-pet-colageno-ii-1060-mg-para-caes/p?sku=31027528312,petisco suplementoso
67,Excelente,5,Rosy,"Melhorou muito a coceira dos meus cachorrinhos, continuo no tratamento.", 17/03/2025 19:46,vitz-pet,Suplemento Vitz Pet Colágeno II Sabor Carne 830 mg para Cães e Gatos,https://www.petlove.com.br/suplemento-vitz-pet-colageno-ii-1060-mg-para-caes/p?sku=31027528312,petisco suplementoso
68,Otima,5,Eliane,Produto muito bom, 30/01/2025 18:48,vitz-pet,Suplemento Vitz Pet Colágeno II Sabor Carne 830 mg para Cães e Gatos,https://www.petlove.com.br/suplemento-vitz-pet-colageno-ii-1060-mg-para-caes/p?sku=31027528312,petisco suplementoso
69,Amei,5,Silvio,Adorei o suplemento acabou com a lágrima ácida do meu lulu da pomerânia, 25/10/2024 09:38,vitz-pet,Suplemento Vitz Pet Colágeno II Sabor Carne 830 mg para Cães e Gatos,https://www.petlove.com.br/suplemento-vitz-pet-colageno-ii-1060-mg-para-caes/p?sku=31027528312,petisco suplementoso
70,Mudança radical,5,Jucineide,"Amei, eles mastigam e é palatável de carne...", 14/10/2024 13:35,vitz-pet,Suplemento Vitz Pet Colágeno II Sabor Carne 830 mg para Cães e Gatos,https://www.petlove.com.br/suplemento-vitz-pet-colageno-ii-1060-mg-para-caes/p?sku=31027528312,petisco suplementoso
71,Recomendo,5,Rosemeire,"Depois da adaptação, assim que pego o frasco ela já vem pra tomar o medicamento",eire ,vitz-pet,Suplemento Vitz Pet Colágeno II Sabor Carne 830 mg para Cães e Gatos,https://www.petlove.com.br/suplemento-vitz-pet-colageno-ii-1060-mg-para-caes/p?sku=31027528312,petisco suplementoso
72,"Não gostei, muito grande a cápsula",1,Vitória,"A cápsula é estremamente grande para administrar para um animal idoso, deveria ser menor", 26/02/2025 14:38,vitz-pet,Suplemento Vitz Pet Colágeno II Sabor Carne 830 mg para Cães e Gatos,https://www.petlove.com.br/suplemento-vitz-pet-colageno-ii-1060-mg-para-caes/p?sku=31027528312,petisco suplementoso
73,Omega1000,5,Monica,Maravilhoso, 13/02/2025 00:36,vitz-pet,Suplemento Vitz Pet Colágeno II Sabor Carne 830 mg para Cães e Gatos,https://www.petlove.com.br/suplemento-vitz-pet-colageno-ii-1060-mg-para-caes/p?sku=31027528312,petisco suplementoso
74,Suplemento,5,Katia,Comecei a dar agora, 27/01/2025 17:40,vitz-pet,Suplemento Vitz Pet Colágeno II Sabor Carne 830 mg para Cães e Gatos,https://www.petlove.com.br/suplemento-vitz-pet-colageno-ii-1060-mg-para-caes/p?sku=31027528312,petisco suplementoso
75,Excelente,5,Luciano,Excelente, 28/12/2024 17:40,vitz-pet,Suplemento Vitz Pet Colágeno II Sabor Carne 830 mg para Cães e Gatos,https://www.petlove.com.br/suplemento-vitz-pet-colageno-ii-1060-mg-para-caes/p?sku=31027528312,petisco suplementoso
76,Ômega 3,5,Ana,Comprei pra ver se melhora os olhos da minha cachorra que tem muita secreção, 23/11/2024 15:47,vitz-pet,Suplemento Vitz Pet Colágeno II Sabor Carne 830 mg para Cães e Gatos,https://www.petlove.com.br/suplemento-vitz-pet-colageno-ii-1060-mg-para-caes/p?sku=31027528312,petisco suplementoso
77,Indico muito,5,Renata,"Fácil adaptação para ingestão do meu pet, me surpreendi, ele tem dificuldade em aceitar bem suplementos pelo cheiro que costumam ter. O cheiro desse é bem mais suave.", 31/10/2023 08:55,vitz-pet,Suplemento Vitz Pet Colágeno II Sabor Carne 830 mg para Cães e Gatos,https://www.petlove.com.br/suplemento-vitz-pet-colageno-ii-1060-mg-para-caes/p?sku=31027528312,petisco suplementoso
78,Cumpre o que promete,5,Daniele,Acalma mesmo e é otimo como petisco., 15/02/2025 10:55,organnact,Suplemento Organnact Promun Dog Sticks para Cães,https://www.petlove.com.br/petisco-organnact-promun-dog-sticks-para-caes/p?sku=3102748339,petisco suplementoso
79,Caramelos,5,Maria,Minhas cachorras adoram, 26/12/2024 10:17,organnact,Suplemento Organnact Promun Dog Sticks para Cães,https://www.petlove.com.br/petisco-organnact-promun-dog-sticks-para-caes/p?sku=3102748339,petisco suplementoso
80,Milagroso!,5,Paulo,"Nossas duas SRD são viradas no Jiraya! Esse petisco acalma demais as duas. É nítido a diferença de quando saímos de casa sem dar o petisco antes. Dando o petisco uns 20 minutos antes de sairmos, elas ficam de boa. Sem dar o petisco, é o caos na terra de choro e latidos. Tô fazendo estoque dessa droga pesadíssima!", 18/05/2024 11:23,organnact,Suplemento Organnact Promun Dog Sticks para Cães,https://www.petlove.com.br/petisco-organnact-promun-dog-sticks-para-caes/p?sku=3102748339,petisco suplementoso
81,Não parece muito atrativo,2,jonas,"Meu cachorro cheirou, mas nas poucas vezes que tentou interagir não comeu. Até tentei quebrar, mas era muito duro, e o que consegui dar ele cuspiu.", 17/03/2024 00:45,organnact,Suplemento Organnact Promun Dog Sticks para Cães,https://www.petlove.com.br/petisco-organnact-promun-dog-sticks-para-caes/p?sku=3102748339,petisco suplementoso
82,Shihtzu,2,Marcia,"Comprei pro meu shihtzu, mas ele cheirou e não comeu", 14/01/2024 23:38,organnact,Suplemento Organnact Promun Dog Sticks para Cães,https://www.petlove.com.br/petisco-organnact-promun-dog-sticks-para-caes/p?sku=3102748339,petisco suplementoso
83,Shihtzu,2,Marcia,"Comprei pro meu shihtzu, mas ele cheirou e não comeu", 14/01/2024 23:38,organnact,Suplemento Organnact Promun Dog Sticks para Cães,https://www.petlove.com.br/petisco-organnact-promun-dog-sticks-para-caes/p?sku=3102748339,petisco suplementoso
84,Ótimo,5,Leticia,Minha cachorrinha fica mais calma., 22/08/2023 17:23,organnact,Suplemento Organnact Promun Dog Sticks para Cães,https://www.petlove.com.br/petisco-organnact-promun-dog-sticks-para-caes/p?sku=3102748339,petisco suplementoso
85,Maravilhoso,5,Matheus,"Efeito calmante não notei muito, mas meus meninos são doidos por esse petisco", 19/11/2022 11:29,organnact,Suplemento Organnact Promun Dog Sticks para Cães,https://www.petlove.com.br/petisco-organnact-promun-dog-sticks-para-caes/p?sku=3102748339,petisco suplementoso
86,Ótima,5,Juliana,Muito boa, 23/03/2024 21:59,organnact,Suplemento Organnact Promun Dog Sticks para Cães,https://www.petlove.com.br/petisco-organnact-promun-dog-sticks-para-caes/p?sku=3102748339,petisco suplementoso
87,Muito bom pros dentinhos,5,Giovanna,"Minha neném amaaa. A veterinária recomendou por conta dos tártaros, por ser sptiz tem uma tendência maior. Dou a metade de um filetinho de 2 em 2 dias. É ótimo! Todo veterinário elogia a saúde dos dentinhos dela", 21/07/2023 16:51,organnact,Suplemento Organnact Promun Dog Sticks para Cães,https://www.petlove.com.br/petisco-organnact-promun-dog-sticks-para-caes/p?sku=3102748339,petisco suplementoso
88,Muito bom,5,Eduardo,Meu shih tzu ama! Ele demorou um pouco para se acostumar. Hoje em dia quando pego para dar ele fica pulando de felicidade., 16/06/2023 19:17,organnact,Suplemento Organnact Promun Dog Sticks para Cães,https://www.petlove.com.br/petisco-organnact-promun-dog-sticks-para-caes/p?sku=3102748339,petisco suplementoso
89,Excelente,5,Rosy,"Melhorou muito a coceira dos meus cachorrinhos, continuo no tratamento.", 17/03/2025 19:46,organnact,Suplemento Organnact Promun Dog Sticks para Cães,https://www.petlove.com.br/petisco-organnact-promun-dog-sticks-para-caes/p?sku=3102748339,petisco suplementoso
90,Otima,5,Eliane,Produto muito bom, 30/01/2025 18:48,organnact,Suplemento Organnact Promun Dog Sticks para Cães,https://www.petlove.com.br/petisco-organnact-promun-dog-sticks-para-caes/p?sku=3102748339,petisco suplementoso
91,Amei,5,Silvio,Adorei o suplemento acabou com a lágrima ácida do meu lulu da pomerânia, 25/10/2024 09:38,organnact,Suplemento Organnact Promun Dog Sticks para Cães,https://www.petlove.com.br/petisco-organnact-promun-dog-sticks-para-caes/p?sku=3102748339,petisco suplementoso
92,Mudança radical,5,Jucineide,"Amei, eles mastigam e é palatável de carne...", 14/10/2024 13:35,organnact,Suplemento Organnact Promun Dog Sticks para Cães,https://www.petlove.com.br/petisco-organnact-promun-dog-sticks-para-caes/p?sku=3102748339,petisco suplementoso
93,Recomendo,5,Rosemeire,"Depois da adaptação, assim que pego o frasco ela já vem pra tomar o medicamento",eire ,organnact,Suplemento Organnact Promun Dog Sticks para Cães,https://www.petlove.com.br/petisco-organnact-promun-dog-sticks-para-caes/p?sku=3102748339,petisco suplementoso
94,"Não gostei, muito grande a cápsula",1,Vitória,"A cápsula é estremamente grande para administrar para um animal idoso, deveria ser menor", 26/02/2025 14:38,organnact,Suplemento Organnact Promun Dog Sticks para Cães,https://www.petlove.com.br/petisco-organnact-promun-dog-sticks-para-caes/p?sku=3102748339,petisco suplementoso
95,Omega1000,5,Monica,Maravilhoso, 13/02/2025 00:36,organnact,Suplemento Organnact Promun Dog Sticks para Cães,https://www.petlove.com.br/petisco-organnact-promun-dog-sticks-para-caes/p?sku=3102748339,petisco suplementoso
96,Suplemento,5,Katia,Comecei a dar agora, 27/01/2025 17:40,organnact,Suplemento Organnact Promun Dog Sticks para Cães,https://www.petlove.com.br/petisco-organnact-promun-dog-sticks-para-caes/p?sku=3102748339,petisco suplementoso
97,Excelente,5,Luciano,Excelente, 28/12/2024 17:40,organnact,Suplemento Organnact Promun Dog Sticks para Cães,https://www.petlove.com.br/petisco-organnact-promun-dog-sticks-para-caes/p?sku=3102748339,petisco suplementoso
98,Ômega 3,5,Ana,Comprei pra ver se melhora os olhos da minha cachorra que tem muita secreção, 23/11/2024 15:47,organnact,Suplemento Organnact Promun Dog Sticks para Cães,https://www.petlove.com.br/petisco-organnact-promun-dog-sticks-para-caes/p?sku=3102748339,petisco suplementoso
99,Indico muito,5,Renata,"Fácil adaptação para ingestão do meu pet, me surpreendi, ele tem dificuldade em aceitar bem suplementos pelo cheiro que costumam ter. O cheiro desse é bem mais suave.", 31/10/2023 08:55,organnact,Suplemento Organnact Promun Dog Sticks para Cães,https://www.petlove.com.br/petisco-organnact-promun-dog-sticks-para-caes/p?sku=3102748339,petisco suplementoso
100,Não gostei,2,Juliana,Minhas cachorras não gostaram do produto, 05/06/2023 17:52,organnact,Suplemento Organnact Promun Dog Sticks para Cães,https://www.petlove.com.br/petisco-organnact-promun-dog-sticks-para-caes/p?sku=3102748339,petisco suplementoso
101,Cumpre o que promete,5,Daniele,Acalma mesmo e é otimo como petisco., 15/02/2025 10:55,organnact,Suplemento Organnact Pelefood Dog Sticks para Cães,https://www.petlove.com.br/petisco-organnact-pelefood-dog-sticks-para-caes/p?sku=3102748342,petisco suplementoso
102,Caramelos,5,Maria,Minhas cachorras adoram, 26/12/2024 10:17,organnact,Suplemento Organnact Pelefood Dog Sticks para Cães,https://www.petlove.com.br/petisco-organnact-pelefood-dog-sticks-para-caes/p?sku=3102748342,petisco suplementoso
103,Milagroso!,5,Paulo,"Nossas duas SRD são viradas no Jiraya! Esse petisco acalma demais as duas. É nítido a diferença de quando saímos de casa sem dar o petisco antes. Dando o petisco uns 20 minutos antes de sairmos, elas ficam de boa. Sem dar o petisco, é o caos na terra de choro e latidos. Tô fazendo estoque dessa droga pesadíssima!", 18/05/2024 11:23,organnact,Suplemento Organnact Pelefood Dog Sticks para Cães,https://www.petlove.com.br/petisco-organnact-pelefood-dog-sticks-para-caes/p?sku=3102748342,petisco suplementoso
104,Não parece muito atrativo,2,jonas,"Meu cachorro cheirou, mas nas poucas vezes que tentou interagir não comeu. Até tentei quebrar, mas era muito duro, e o que consegui dar ele cuspiu.", 17/03/2024 00:45,organnact,Suplemento Organnact Pelefood Dog Sticks para Cães,https://www.petlove.com.br/petisco-organnact-pelefood-dog-sticks-para-caes/p?sku=3102748342,petisco suplementoso
105,Shihtzu,2,Marcia,"Comprei pro meu shihtzu, mas ele cheirou e não comeu", 14/01/2024 23:38,organnact,Suplemento Organnact Pelefood Dog Sticks para Cães,https://www.petlove.com.br/petisco-organnact-pelefood-dog-sticks-para-caes/p?sku=3102748342,petisco suplementoso
106,Shihtzu,2,Marcia,"Comprei pro meu shihtzu, mas ele cheirou e não comeu", 14/01/2024 23:38,organnact,Suplemento Organnact Pelefood Dog Sticks para Cães,https://www.petlove.com.br/petisco-organnact-pelefood-dog-sticks-para-caes/p?sku=3102748342,petisco suplementoso
107,Ótimo,5,Leticia,Minha cachorrinha fica mais calma., 22/08/2023 17:23,organnact,Suplemento Organnact Pelefood Dog Sticks para Cães,https://www.petlove.com.br/petisco-organnact-pelefood-dog-sticks-para-caes/p?sku=3102748342,petisco suplementoso
108,Maravilhoso,5,Matheus,"Efeito calmante não notei muito, mas meus meninos são doidos por esse petisco", 19/11/2022 11:29,organnact,Suplemento Organnact Pelefood Dog Sticks para Cães,https://www.petlove.com.br/petisco-organnact-pelefood-dog-sticks-para-caes/p?sku=3102748342,petisco suplementoso
109,Ótima,5,Juliana,Muito boa, 23/03/2024 21:59,organnact,Suplemento Organnact Pelefood Dog Sticks para Cães,https://www.petlove.com.br/petisco-organnact-pelefood-dog-sticks-para-caes/p?sku=3102748342,petisco suplementoso
110,Muito bom pros dentinhos,5,Giovanna,"Minha neném amaaa. A veterinária recomendou por conta dos tártaros, por ser sptiz tem uma tendência maior. Dou a metade de um filetinho de 2 em 2 dias. É ótimo! Todo veterinário elogia a saúde dos dentinhos dela", 21/07/2023 16:51,organnact,Suplemento Organnact Pelefood Dog Sticks para Cães,https://www.petlove.com.br/petisco-organnact-pelefood-dog-sticks-para-caes/p?sku=3102748342,petisco suplementoso
111,Muito bom,5,Eduardo,Meu shih tzu ama! Ele demorou um pouco para se acostumar. Hoje em dia quando pego para dar ele fica pulando de felicidade., 16/06/2023 19:17,organnact,Suplemento Organnact Pelefood Dog Sticks para Cães,https://www.petlove.com.br/petisco-organnact-pelefood-dog-sticks-para-caes/p?sku=3102748342,petisco suplementoso
112,Excelente,5,Rosy,"Melhorou muito a coceira dos meus cachorrinhos, continuo no tratamento.", 17/03/2025 19:46,organnact,Suplemento Organnact Pelefood Dog Sticks para Cães,https://www.petlove.com.br/petisco-organnact-pelefood-dog-sticks-para-caes/p?sku=3102748342,petisco suplementoso
113,Otima,5,Eliane,Produto muito bom, 30/01/2025 18:48,organnact,Suplemento Organnact Pelefood Dog Sticks para Cães,https://www.petlove.com.br/petisco-organnact-pelefood-dog-sticks-para-caes/p?sku=3102748342,petisco suplementoso
114,Amei,5,Silvio,Adorei o suplemento acabou com a lágrima ácida do meu lulu da pomerânia, 25/10/2024 09:38,organnact,Suplemento Organnact Pelefood Dog Sticks para Cães,https://www.petlove.com.br/petisco-organnact-pelefood-dog-sticks-para-caes/p?sku=3102748342,petisco suplementoso
115,Mudança radical,5,Jucineide,"Amei, eles mastigam e é palatável de carne...", 14/10/2024 13:35,organnact,Suplemento Organnact Pelefood Dog Sticks para Cães,https://www.petlove.com.br/petisco-organnact-pelefood-dog-sticks-para-caes/p?sku=3102748342,petisco suplementoso
116,Recomendo,5,Rosemeire,"Depois da adaptação, assim que pego o frasco ela já vem pra tomar o medicamento",eire ,organnact,Suplemento Organnact Pelefood Dog Sticks para Cães,https://www.petlove.com.br/petisco-organnact-pelefood-dog-sticks-para-caes/p?sku=3102748342,petisco suplementoso
117,"Não gostei, muito grande a cápsula",1,Vitória,"A cápsula é estremamente grande para administrar para um animal idoso, deveria ser menor", 26/02/2025 14:38,organnact,Suplemento Organnact Pelefood Dog Sticks para Cães,https://www.petlove.com.br/petisco-organnact-pelefood-dog-sticks-para-caes/p?sku=3102748342,petisco suplementoso
118,Omega1000,5,Monica,Maravilhoso, 13/02/2025 00:36,organnact,Suplemento Organnact Pelefood Dog Sticks para Cães,https://www.petlove.com.br/petisco-organnact-pelefood-dog-sticks-para-caes/p?sku=3102748342,petisco suplementoso
119,Suplemento,5,Katia,Comecei a dar agora, 27/01/2025 17:40,organnact,Suplemento Organnact Pelefood Dog Sticks para Cães,https://www.petlove.com.br/petisco-organnact-pelefood-dog-sticks-para-caes/p?sku=3102748342,petisco suplementoso
120,Excelente,5,Luciano,Excelente, 28/12/2024 17:40,organnact,Suplemento Organnact Pelefood Dog Sticks para Cães,https://www.petlove.com.br/petisco-organnact-pelefood-dog-sticks-para-caes/p?sku=3102748342,petisco suplementoso
121,Ômega 3,5,Ana,Comprei pra ver se melhora os olhos da minha cachorra que tem muita secreção, 23/11/2024 15:47,organnact,Suplemento Organnact Pelefood Dog Sticks para Cães,https://www.petlove.com.br/petisco-organnact-pelefood-dog-sticks-para-caes/p?sku=3102748342,petisco suplementoso
122,Indico muito,5,Renata,"Fácil adaptação para ingestão do meu pet, me surpreendi, ele tem dificuldade em aceitar bem suplementos pelo cheiro que costumam ter. O cheiro desse é bem mais suave.", 31/10/2023 08:55,organnact,Suplemento Organnact Pelefood Dog Sticks para Cães,https://www.petlove.com.br/petisco-organnact-pelefood-dog-sticks-para-caes/p?sku=3102748342,petisco suplementoso
123,Não gostei,2,Juliana,Minhas cachorras não gostaram do produto, 05/06/2023 17:52,organnact,Suplemento Organnact Pelefood Dog Sticks para Cães,https://www.petlove.com.br/petisco-organnact-pelefood-dog-sticks-para-caes/p?sku=3102748342,petisco suplementoso
124,Espectativa boa mas,2,Marcia,Não conseguiu comer, 14/01/2024 23:35,organnact,Suplemento Organnact Pelefood Dog Sticks para Cães,https://www.petlove.com.br/petisco-organnact-pelefood-dog-sticks-para-caes/p?sku=3102748342,petisco suplementoso
125,Cumpre o que promete,5,Daniele,Acalma mesmo e é otimo como petisco., 15/02/2025 10:55,spin,Suplemento Spin Pet Actionlife Ômega para Cães,https://www.petlove.com.br/suplemento-simbiotico-spin-pet-actionlife-omega-para-caes/p?sku=31027530182,petisco suplementoso
126,Caramelos,5,Maria,Minhas cachorras adoram, 26/12/2024 10:17,spin,Suplemento Spin Pet Actionlife Ômega para Cães,https://www.petlove.com.br/suplemento-simbiotico-spin-pet-actionlife-omega-para-caes/p?sku=31027530182,petisco suplementoso
127,Milagroso!,5,Paulo,"Nossas duas SRD são viradas no Jiraya! Esse petisco acalma demais as duas. É nítido a diferença de quando saímos de casa sem dar o petisco antes. Dando o petisco uns 20 minutos antes de sairmos, elas ficam de boa. Sem dar o petisco, é o caos na terra de choro e latidos. Tô fazendo estoque dessa droga pesadíssima!", 18/05/2024 11:23,spin,Suplemento Spin Pet Actionlife Ômega para Cães,https://www.petlove.com.br/suplemento-simbiotico-spin-pet-actionlife-omega-para-caes/p?sku=31027530182,petisco suplementoso
128,Não parece muito atrativo,2,jonas,"Meu cachorro cheirou, mas nas poucas vezes que tentou interagir não comeu. Até tentei quebrar, mas era muito duro, e o que consegui dar ele cuspiu.", 17/03/2024 00:45,spin,Suplemento Spin Pet Actionlife Ômega para Cães,https://www.petlove.com.br/suplemento-simbiotico-spin-pet-actionlife-omega-para-caes/p?sku=31027530182,petisco suplementoso
129,Shihtzu,2,Marcia,"Comprei pro meu shihtzu, mas ele cheirou e não comeu", 14/01/2024 23:38,spin,Suplemento Spin Pet Actionlife Ômega para Cães,https://www.petlove.com.br/suplemento-simbiotico-spin-pet-actionlife-omega-para-caes/p?sku=31027530182,petisco suplementoso
130,Shihtzu,2,Marcia,"Comprei pro meu shihtzu, mas ele cheirou e não comeu", 14/01/2024 23:38,spin,Suplemento Spin Pet Actionlife Ômega para Cães,https://www.petlove.com.br/suplemento-simbiotico-spin-pet-actionlife-omega-para-caes/p?sku=31027530182,petisco suplementoso
131,Ótimo,5,Leticia,Minha cachorrinha fica mais calma., 22/08/2023 17:23,spin,Suplemento Spin Pet Actionlife Ômega para Cães,https://www.petlove.com.br/suplemento-simbiotico-spin-pet-actionlife-omega-para-caes/p?sku=31027530182,petisco suplementoso
132,Maravilhoso,5,Matheus,"Efeito calmante não notei muito, mas meus meninos são doidos por esse petisco", 19/11/2022 11:29,spin,Suplemento Spin Pet Actionlife Ômega para Cães,https://www.petlove.com.br/suplemento-simbiotico-spin-pet-actionlife-omega-para-caes/p?sku=31027530182,petisco suplementoso
133,Ótima,5,Juliana,Muito boa, 23/03/2024 21:59,spin,Suplemento Spin Pet Actionlife Ômega para Cães,https://www.petlove.com.br/suplemento-simbiotico-spin-pet-actionlife-omega-para-caes/p?sku=31027530182,petisco suplementoso
134,Muito bom pros dentinhos,5,Giovanna,"Minha neném amaaa. A veterinária recomendou por conta dos tártaros, por ser sptiz tem uma tendência maior. Dou a metade de um filetinho de 2 em 2 dias. É ótimo! Todo veterinário elogia a saúde dos dentinhos dela", 21/07/2023 16:51,spin,Suplemento Spin Pet Actionlife Ômega para Cães,https://www.petlove.com.br/suplemento-simbiotico-spin-pet-actionlife-omega-para-caes/p?sku=31027530182,petisco suplementoso
135,Muito bom,5,Eduardo,Meu shih tzu ama! Ele demorou um pouco para se acostumar. Hoje em dia quando pego para dar ele fica pulando de felicidade., 16/06/2023 19:17,spin,Suplemento Spin Pet Actionlife Ômega para Cães,https://www.petlove.com.br/suplemento-simbiotico-spin-pet-actionlife-omega-para-caes/p?sku=31027530182,petisco suplementoso
136,Excelente,5,Rosy,"Melhorou muito a coceira dos meus cachorrinhos, continuo no tratamento.", 17/03/2025 19:46,spin,Suplemento Spin Pet Actionlife Ômega para Cães,https://www.petlove.com.br/suplemento-simbiotico-spin-pet-actionlife-omega-para-caes/p?sku=31027530182,petisco suplementoso
137,Otima,5,Eliane,Produto muito bom, 30/01/2025 18:48,spin,Suplemento Spin Pet Actionlife Ômega para Cães,https://www.petlove.com.br/suplemento-simbiotico-spin-pet-actionlife-omega-para-caes/p?sku=31027530182,petisco suplementoso
138,Amei,5,Silvio,Adorei o suplemento acabou com a lágrima ácida do meu lulu da pomerânia, 25/10/2024 09:38,spin,Suplemento Spin Pet Actionlife Ômega para Cães,https://www.petlove.com.br/suplemento-simbiotico-spin-pet-actionlife-omega-para-caes/p?sku=31027530182,petisco suplementoso
139,Mudança radical,5,Jucineide,"Amei, eles mastigam e é palatável de carne...", 14/10/2024 13:35,spin,Suplemento Spin Pet Actionlife Ômega para Cães,https://www.petlove.com.br/suplemento-simbiotico-spin-pet-actionlife-omega-para-caes/p?sku=31027530182,petisco suplementoso
140,Recomendo,5,Rosemeire,"Depois da adaptação, assim que pego o frasco ela já vem pra tomar o medicamento",eire ,spin,Suplemento Spin Pet Actionlife Ômega para Cães,https://www.petlove.com.br/suplemento-simbiotico-spin-pet-actionlife-omega-para-caes/p?sku=31027530182,petisco suplementoso
141,"Não gostei, muito grande a cápsula",1,Vitória,"A cápsula é estremamente grande para administrar para um animal idoso, deveria ser menor", 26/02/2025 14:38,spin,Suplemento Spin Pet Actionlife Ômega para Cães,https://www.petlove.com.br/suplemento-simbiotico-spin-pet-actionlife-omega-para-caes/p?sku=31027530182,petisco suplementoso
142,Omega1000,5,Monica,Maravilhoso, 13/02/2025 00:36,spin,Suplemento Spin Pet Actionlife Ômega para Cães,https://www.petlove.com.br/suplemento-simbiotico-spin-pet-actionlife-omega-para-caes/p?sku=31027530182,petisco suplementoso
143,Suplemento,5,Katia,Comecei a dar agora, 27/01/2025 17:40,spin,Suplemento Spin Pet Actionlife Ômega para Cães,https://www.petlove.com.br/suplemento-simbiotico-spin-pet-actionlife-omega-para-caes/p?sku=31027530182,petisco suplementoso
144,Excelente,5,Luciano,Excelente, 28/12/2024 17:40,spin,Suplemento Spin Pet Actionlife Ômega para Cães,https://www.petlove.com.br/suplemento-simbiotico-spin-pet-actionlife-omega-para-caes/p?sku=31027530182,petisco suplementoso
145,Ômega 3,5,Ana,Comprei pra ver se melhora os olhos da minha cachorra que tem muita secreção, 23/11/2024 15:47,spin,Suplemento Spin Pet Actionlife Ômega para Cães,https://www.petlove.com.br/suplemento-simbiotico-spin-pet-actionlife-omega-para-caes/p?sku=31027530182,petisco suplementoso
146,Indico muito,5,Renata,"Fácil adaptação para ingestão do meu pet, me surpreendi, ele tem dificuldade em aceitar bem suplementos pelo cheiro que costumam ter. O cheiro desse é bem mais suave.", 31/10/2023 08:55,spin,Suplemento Spin Pet Actionlife Ômega para Cães,https://www.petlove.com.br/suplemento-simbiotico-spin-pet-actionlife-omega-para-caes/p?sku=31027530182,petisco suplementoso
147,Não gostei,2,Juliana,Minhas cachorras não gostaram do produto, 05/06/2023 17:52,spin,Suplemento Spin Pet Actionlife Ômega para Cães,https://www.petlove.com.br/suplemento-simbiotico-spin-pet-actionlife-omega-para-caes/p?sku=31027530182,petisco suplementoso
148,Espectativa boa mas,2,Marcia,Não conseguiu comer, 14/01/2024 23:35,spin,Suplemento Spin Pet Actionlife Ômega para Cães,https://www.petlove.com.br/suplemento-simbiotico-spin-pet-actionlife-omega-para-caes/p?sku=31027530182,petisco suplementoso
149,Meus cachorros amaram,5,isabela,Ele é macio fácil de dar e os cachorros amaram, 02/02/2025 21:00,spin,Suplemento Spin Pet Actionlife Ômega para Cães,https://www.petlove.com.br/suplemento-simbiotico-spin-pet-actionlife-omega-para-caes/p?sku=31027530182,petisco suplementoso
150,Cumpre o que promete,5,Daniele,Acalma mesmo e é otimo como petisco., 15/02/2025 10:55,spin,Suplemento Spin Pet Actionlife Condro para Cães,https://www.petlove.com.br/suplemento-simbiotico-spin-pet-actionlife-condro-para-caes/p?sku=31027530185,petisco suplementoso
151,Caramelos,5,Maria,Minhas cachorras adoram, 26/12/2024 10:17,spin,Suplemento Spin Pet Actionlife Condro para Cães,https://www.petlove.com.br/suplemento-simbiotico-spin-pet-actionlife-condro-para-caes/p?sku=31027530185,petisco suplementoso
152,Milagroso!,5,Paulo,"Nossas duas SRD são viradas no Jiraya! Esse petisco acalma demais as duas. É nítido a diferença de quando saímos de casa sem dar o petisco antes. Dando o petisco uns 20 minutos antes de sairmos, elas ficam de boa. Sem dar o petisco, é o caos na terra de choro e latidos. Tô fazendo estoque dessa droga pesadíssima!", 18/05/2024 11:23,spin,Suplemento Spin Pet Actionlife Condro para Cães,https://www.petlove.com.br/suplemento-simbiotico-spin-pet-actionlife-condro-para-caes/p?sku=31027530185,petisco suplementoso
153,Não parece muito atrativo,2,jonas,"Meu cachorro cheirou, mas nas poucas vezes que tentou interagir não comeu. Até tentei quebrar, mas era muito duro, e o que consegui dar ele cuspiu.", 17/03/2024 00:45,spin,Suplemento Spin Pet Actionlife Condro para Cães,https://www.petlove.com.br/suplemento-simbiotico-spin-pet-actionlife-condro-para-caes/p?sku=31027530185,petisco suplementoso
154,Shihtzu,2,Marcia,"Comprei pro meu shihtzu, mas ele cheirou e não comeu", 14/01/2024 23:38,spin,Suplemento Spin Pet Actionlife Condro para Cães,https://www.petlove.com.br/suplemento-simbiotico-spin-pet-actionlife-condro-para-caes/p?sku=31027530185,petisco suplementoso
155,Shihtzu,2,Marcia,"Comprei pro meu shihtzu, mas ele cheirou e não comeu", 14/01/2024 23:38,spin,Suplemento Spin Pet Actionlife Condro para Cães,https://www.petlove.com.br/suplemento-simbiotico-spin-pet-actionlife-condro-para-caes/p?sku=31027530185,petisco suplementoso
156,Ótimo,5,Leticia,Minha cachorrinha fica mais calma., 22/08/2023 17:23,spin,Suplemento Spin Pet Actionlife Condro para Cães,https://www.petlove.com.br/suplemento-simbiotico-spin-pet-actionlife-condro-para-caes/p?sku=31027530185,petisco suplementoso
157,Maravilhoso,5,Matheus,"Efeito calmante não notei muito, mas meus meninos são doidos por esse petisco", 19/11/2022 11:29,spin,Suplemento Spin Pet Actionlife Condro para Cães,https://www.petlove.com.br/suplemento-simbiotico-spin-pet-actionlife-condro-para-caes/p?sku=31027530185,petisco suplementoso
158,Ótima,5,Juliana,Muito boa, 23/03/2024 21:59,spin,Suplemento Spin Pet Actionlife Condro para Cães,https://www.petlove.com.br/suplemento-simbiotico-spin-pet-actionlife-condro-para-caes/p?sku=31027530185,petisco suplementoso
159,Muito bom pros dentinhos,5,Giovanna,"Minha neném amaaa. A veterinária recomendou por conta dos tártaros, por ser sptiz tem uma tendência maior. Dou a metade de um filetinho de 2 em 2 dias. É ótimo! Todo veterinário elogia a saúde dos dentinhos dela", 21/07/2023 16:51,spin,Suplemento Spin Pet Actionlife Condro para Cães,https://www.petlove.com.br/suplemento-simbiotico-spin-pet-actionlife-condro-para-caes/p?sku=31027530185,petisco suplementoso
160,Muito bom,5,Eduardo,Meu shih tzu ama! Ele demorou um pouco para se acostumar. Hoje em dia quando pego para dar ele fica pulando de felicidade., 16/06/2023 19:17,spin,Suplemento Spin Pet Actionlife Condro para Cães,https://www.petlove.com.br/suplemento-simbiotico-spin-pet-actionlife-condro-para-caes/p?sku=31027530185,petisco suplementoso
161,Excelente,5,Rosy,"Melhorou muito a coceira dos meus cachorrinhos, continuo no tratamento.", 17/03/2025 19:46,spin,Suplemento Spin Pet Actionlife Condro para Cães,https://www.petlove.com.br/suplemento-simbiotico-spin-pet-actionlife-condro-para-caes/p?sku=31027530185,petisco suplementoso
162,Otima,5,Eliane,Produto muito bom, 30/01/2025 18:48,spin,Suplemento Spin Pet Actionlife Condro para Cães,https://www.petlove.com.br/suplemento-simbiotico-spin-pet-actionlife-condro-para-caes/p?sku=31027530185,petisco suplementoso
163,Amei,5,Silvio,Adorei o suplemento acabou com a lágrima ácida do meu lulu da pomerânia, 25/10/2024 09:38,spin,Suplemento Spin Pet Actionlife Condro para Cães,https://www.petlove.com.br/suplemento-simbiotico-spin-pet-actionlife-condro-para-caes/p?sku=31027530185,petisco suplementoso
164,Mudança radical,5,Jucineide,"Amei, eles mastigam e é palatável de carne...", 14/10/2024 13:35,spin,Suplemento Spin Pet Actionlife Condro para Cães,https://www.petlove.com.br/suplemento-simbiotico-spin-pet-actionlife-condro-para-caes/p?sku=31027530185,petisco suplementoso
165,Recomendo,5,Rosemeire,"Depois da adaptação, assim que pego o frasco ela já vem pra tomar o medicamento",eire ,spin,Suplemento Spin Pet Actionlife Condro para Cães,https://www.petlove.com.br/suplemento-simbiotico-spin-pet-actionlife-condro-para-caes/p?sku=31027530185,petisco suplementoso
166,"Não gostei, muito grande a cápsula",1,Vitória,"A cápsula é estremamente grande para administrar para um animal idoso, deveria ser menor", 26/02/2025 14:38,spin,Suplemento Spin Pet Actionlife Condro para Cães,https://www.petlove.com.br/suplemento-simbiotico-spin-pet-actionlife-condro-para-caes/p?sku=31027530185,petisco suplementoso
167,Omega1000,5,Monica,Maravilhoso, 13/02/2025 00:36,spin,Suplemento Spin Pet Actionlife Condro para Cães,https://www.petlove.com.br/suplemento-simbiotico-spin-pet-actionlife-condro-para-caes/p?sku=31027530185,petisco suplementoso
168,Suplemento,5,Katia,Comecei a dar agora, 27/01/2025 17:40,spin,Suplemento Spin Pet Actionlife Condro para Cães,https://www.petlove.com.br/suplemento-simbiotico-spin-pet-actionlife-condro-para-caes/p?sku=31027530185,petisco suplementoso
169,Excelente,5,Luciano,Excelente, 28/12/2024 17:40,spin,Suplemento Spin Pet Actionlife Condro para Cães,https://www.petlove.com.br/suplemento-simbiotico-spin-pet-actionlife-condro-para-caes/p?sku=31027530185,petisco suplementoso
170,Ômega 3,5,Ana,Comprei pra ver se melhora os olhos da minha cachorra que tem muita secreção, 23/11/2024 15:47,spin,Suplemento Spin Pet Actionlife Condro para Cães,https://www.petlove.com.br/suplemento-simbiotico-spin-pet-actionlife-condro-para-caes/p?sku=31027530185,petisco suplementoso
171,Indico muito,5,Renata,"Fácil adaptação para ingestão do meu pet, me surpreendi, ele tem dificuldade em aceitar bem suplementos pelo cheiro que costumam ter. O cheiro desse é bem mais suave.", 31/10/2023 08:55,spin,Suplemento Spin Pet Actionlife Condro para Cães,https://www.petlove.com.br/suplemento-simbiotico-spin-pet-actionlife-condro-para-caes/p?sku=31027530185,petisco suplementoso
172,Não gostei,2,Juliana,Minhas cachorras não gostaram do produto, 05/06/2023 17:52,spin,Suplemento Spin Pet Actionlife Condro para Cães,https://www.petlove.com.br/suplemento-simbiotico-spin-pet-actionlife-condro-para-caes/p?sku=31027530185,petisco suplementoso
173,Espectativa boa mas,2,Marcia,Não conseguiu comer, 14/01/2024 23:35,spin,Suplemento Spin Pet Actionlife Condro para Cães,https://www.petlove.com.br/suplemento-simbiotico-spin-pet-actionlife-condro-para-caes/p?sku=31027530185,petisco suplementoso
174,Meus cachorros amaram,5,isabela,Ele é macio fácil de dar e os cachorros amaram, 02/02/2025 21:00,spin,Suplemento Spin Pet Actionlife Condro para Cães,https://www.petlove.com.br/suplemento-simbiotico-spin-pet-actionlife-condro-para-caes/p?sku=31027530185,petisco suplementoso
175,Petiscos,3,Milena,Meu cachorro começou a tomar a pouco tempo ainda não posso dizer se está fazendo efeito, 15/02/2025 18:17,spin,Suplemento Spin Pet Actionlife Condro para Cães,https://www.petlove.com.br/suplemento-simbiotico-spin-pet-actionlife-condro-para-caes/p?sku=31027530185,petisco suplementoso
176,Cumpre o que promete,5,Daniele,Acalma mesmo e é otimo como petisco., 15/02/2025 10:55,organnact,Suplemento Organnact Pet Prob Dog Sticks para Cães,https://www.petlove.com.br/petisco-organnact-pet-prob-dog-sticks-para-caes/p?sku=3102748348,petisco suplementoso
177,Caramelos,5,Maria,Minhas cachorras adoram, 26/12/2024 10:17,organnact,Suplemento Organnact Pet Prob Dog Sticks para Cães,https://www.petlove.com.br/petisco-organnact-pet-prob-dog-sticks-para-caes/p?sku=3102748348,petisco suplementoso
178,Milagroso!,5,Paulo,"Nossas duas SRD são viradas no Jiraya! Esse petisco acalma demais as duas. É nítido a diferença de quando saímos de casa sem dar o petisco antes. Dando o petisco uns 20 minutos antes de sairmos, elas ficam de boa. Sem dar o petisco, é o caos na terra de choro e latidos. Tô fazendo estoque dessa droga pesadíssima!", 18/05/2024 11:23,organnact,Suplemento Organnact Pet Prob Dog Sticks para Cães,https://www.petlove.com.br/petisco-organnact-pet-prob-dog-sticks-para-caes/p?sku=3102748348,petisco suplementoso
179,Não parece muito atrativo,2,jonas,"Meu cachorro cheirou, mas nas poucas vezes que tentou interagir não comeu. Até tentei quebrar, mas era muito duro, e o que consegui dar ele cuspiu.", 17/03/2024 00:45,organnact,Suplemento Organnact Pet Prob Dog Sticks para Cães,https://www.petlove.com.br/petisco-organnact-pet-prob-dog-sticks-para-caes/p?sku=3102748348,petisco suplementoso
180,Shihtzu,2,Marcia,"Comprei pro meu shihtzu, mas ele cheirou e não comeu", 14/01/2024 23:38,organnact,Suplemento Organnact Pet Prob Dog Sticks para Cães,https://www.petlove.com.br/petisco-organnact-pet-prob-dog-sticks-para-caes/p?sku=3102748348,petisco suplementoso
181,Shihtzu,2,Marcia,"Comprei pro meu shihtzu, mas ele cheirou e não comeu", 14/01/2024 23:38,organnact,Suplemento Organnact Pet Prob Dog Sticks para Cães,https://www.petlove.com.br/petisco-organnact-pet-prob-dog-sticks-para-caes/p?sku=3102748348,petisco suplementoso
182,Ótimo,5,Leticia,Minha cachorrinha fica mais calma., 22/08/2023 17:23,organnact,Suplemento Organnact Pet Prob Dog Sticks para Cães,https://www.petlove.com.br/petisco-organnact-pet-prob-dog-sticks-para-caes/p?sku=3102748348,petisco suplementoso
183,Maravilhoso,5,Matheus,"Efeito calmante não notei muito, mas meus meninos são doidos por esse petisco", 19/11/2022 11:29,organnact,Suplemento Organnact Pet Prob Dog Sticks para Cães,https://www.petlove.com.br/petisco-organnact-pet-prob-dog-sticks-para-caes/p?sku=3102748348,petisco suplementoso
184,Ótima,5,Juliana,Muito boa, 23/03/2024 21:59,organnact,Suplemento Organnact Pet Prob Dog Sticks para Cães,https://www.petlove.com.br/petisco-organnact-pet-prob-dog-sticks-para-caes/p?sku=3102748348,petisco suplementoso
185,Muito bom pros dentinhos,5,Giovanna,"Minha neném amaaa. A veterinária recomendou por conta dos tártaros, por ser sptiz tem uma tendência maior. Dou a metade de um filetinho de 2 em 2 dias. É ótimo! Todo veterinário elogia a saúde dos dentinhos dela", 21/07/2023 16:51,organnact,Suplemento Organnact Pet Prob Dog Sticks para Cães,https://www.petlove.com.br/petisco-organnact-pet-prob-dog-sticks-para-caes/p?sku=3102748348,petisco suplementoso
186,Muito bom,5,Eduardo,Meu shih tzu ama! Ele demorou um pouco para se acostumar. Hoje em dia quando pego para dar ele fica pulando de felicidade., 16/06/2023 19:17,organnact,Suplemento Organnact Pet Prob Dog Sticks para Cães,https://www.petlove.com.br/petisco-organnact-pet-prob-dog-sticks-para-caes/p?sku=3102748348,petisco suplementoso
187,Excelente,5,Rosy,"Melhorou muito a coceira dos meus cachorrinhos, continuo no tratamento.", 17/03/2025 19:46,organnact,Suplemento Organnact Pet Prob Dog Sticks para Cães,https://www.petlove.com.br/petisco-organnact-pet-prob-dog-sticks-para-caes/p?sku=3102748348,petisco suplementoso
188,Otima,5,Eliane,Produto muito bom, 30/01/2025 18:48,organnact,Suplemento Organnact Pet Prob Dog Sticks para Cães,https://www.petlove.com.br/petisco-organnact-pet-prob-dog-sticks-para-caes/p?sku=3102748348,petisco suplementoso
189,Amei,5,Silvio,Adorei o suplemento acabou com a lágrima ácida do meu lulu da pomerânia, 25/10/2024 09:38,organnact,Suplemento Organnact Pet Prob Dog Sticks para Cães,https://www.petlove.com.br/petisco-organnact-pet-prob-dog-sticks-para-caes/p?sku=3102748348,petisco suplementoso
190,Mudança radical,5,Jucineide,"Amei, eles mastigam e é palatável de carne...", 14/10/2024 13:35,organnact,Suplemento Organnact Pet Prob Dog Sticks para Cães,https://www.petlove.com.br/petisco-organnact-pet-prob-dog-sticks-para-caes/p?sku=3102748348,petisco suplementoso
191,Recomendo,5,Rosemeire,"Depois da adaptação, assim que pego o frasco ela já vem pra tomar o medicamento",eire ,organnact,Suplemento Organnact Pet Prob Dog Sticks para Cães,https://www.petlove.com.br/petisco-organnact-pet-prob-dog-sticks-para-caes/p?sku=3102748348,petisco suplementoso
192,"Não gostei, muito grande a cápsula",1,Vitória,"A cápsula é estremamente grande para administrar para um animal idoso, deveria ser menor", 26/02/2025 14:38,organnact,Suplemento Organnact Pet Prob Dog Sticks para Cães,https://www.petlove.com.br/petisco-organnact-pet-prob-dog-sticks-para-caes/p?sku=3102748348,petisco suplementoso
193,Omega1000,5,Monica,Maravilhoso, 13/02/2025 00:36,organnact,Suplemento Organnact Pet Prob Dog Sticks para Cães,https://www.petlove.com.br/petisco-organnact-pet-prob-dog-sticks-para-caes/p?sku=3102748348,petisco suplementoso
194,Suplemento,5,Katia,Comecei a dar agora, 27/01/2025 17:40,organnact,Suplemento Organnact Pet Prob Dog Sticks para Cães,https://www.petlove.com.br/petisco-organnact-pet-prob-dog-sticks-para-caes/p?sku=3102748348,petisco suplementoso
195,Excelente,5,Luciano,Excelente, 28/12/2024 17:40,organnact,Suplemento Organnact Pet Prob Dog Sticks para Cães,https://www.petlove.com.br/petisco-organnact-pet-prob-dog-sticks-para-caes/p?sku=3102748348,petisco suplementoso
196,Ômega 3,5,Ana,Comprei pra ver se melhora os olhos da minha cachorra que tem muita secreção, 23/11/2024 15:47,organnact,Suplemento Organnact Pet Prob Dog Sticks para Cães,https://www.petlove.com.br/petisco-organnact-pet-prob-dog-sticks-para-caes/p?sku=3102748348,petisco suplementoso
197,Indico muito,5,Renata,"Fácil adaptação para ingestão do meu pet, me surpreendi, ele tem dificuldade em aceitar bem suplementos pelo cheiro que costumam ter. O cheiro desse é bem mais suave.", 31/10/2023 08:55,organnact,Suplemento Organnact Pet Prob Dog Sticks para Cães,https://www.petlove.com.br/petisco-organnact-pet-prob-dog-sticks-para-caes/p?sku=3102748348,petisco suplementoso
198,Não gostei,2,Juliana,Minhas cachorras não gostaram do produto, 05/06/2023 17:52,organnact,Suplemento Organnact Pet Prob Dog Sticks para Cães,https://www.petlove.com.br/petisco-organnact-pet-prob-dog-sticks-para-caes/p?sku=3102748348,petisco suplementoso
199,Espectativa boa mas,2,Marcia,Não conseguiu comer, 14/01/2024 23:35,organnact,Suplemento Organnact Pet Prob Dog Sticks para Cães,https://www.petlove.com.br/petisco-organnact-pet-prob-dog-sticks-para-caes/p?sku=3102748348,petisco suplementoso
200,Meus cachorros amaram,5,isabela,Ele é macio fácil de dar e os cachorros amaram, 02/02/2025 21:00,organnact,Suplemento Organnact Pet Prob Dog Sticks para Cães,https://www.petlove.com.br/petisco-organnact-pet-prob-dog-sticks-para-caes/p?sku=3102748348,petisco suplementoso
201,Petiscos,3,Milena,Meu cachorro começou a tomar a pouco tempo ainda não posso dizer se está fazendo efeito, 15/02/2025 18:17,organnact,Suplemento Organnact Pet Prob Dog Sticks para Cães,https://www.petlove.com.br/petisco-organnact-pet-prob-dog-sticks-para-caes/p?sku=3102748348,petisco suplementoso
202,Cumpre o que promete,5,Daniele,Acalma mesmo e é otimo como petisco., 15/02/2025 10:55,organnact,Suplemento Organnact Puppy Dog Sticks para Cães,https://www.petlove.com.br/petisco-organnact-puppy-dog-sticks-para-caes/p?sku=3102748465,petisco suplementoso
203,Caramelos,5,Maria,Minhas cachorras adoram, 26/12/2024 10:17,organnact,Suplemento Organnact Puppy Dog Sticks para Cães,https://www.petlove.com.br/petisco-organnact-puppy-dog-sticks-para-caes/p?sku=3102748465,petisco suplementoso
204,Milagroso!,5,Paulo,"Nossas duas SRD são viradas no Jiraya! Esse petisco acalma demais as duas. É nítido a diferença de quando saímos de casa sem dar o petisco antes. Dando o petisco uns 20 minutos antes de sairmos, elas ficam de boa. Sem dar o petisco, é o caos na terra de choro e latidos. Tô fazendo estoque dessa droga pesadíssima!", 18/05/2024 11:23,organnact,Suplemento Organnact Puppy Dog Sticks para Cães,https://www.petlove.com.br/petisco-organnact-puppy-dog-sticks-para-caes/p?sku=3102748465,petisco suplementoso
205,Não parece muito atrativo,2,jonas,"Meu cachorro cheirou, mas nas poucas vezes que tentou interagir não comeu. Até tentei quebrar, mas era muito duro, e o que consegui dar ele cuspiu.", 17/03/2024 00:45,organnact,Suplemento Organnact Puppy Dog Sticks para Cães,https://www.petlove.com.br/petisco-organnact-puppy-dog-sticks-para-caes/p?sku=3102748465,petisco suplementoso
206,Shihtzu,2,Marcia,"Comprei pro meu shihtzu, mas ele cheirou e não comeu", 14/01/2024 23:38,organnact,Suplemento Organnact Puppy Dog Sticks para Cães,https://www.petlove.com.br/petisco-organnact-puppy-dog-sticks-para-caes/p?sku=3102748465,petisco suplementoso
207,Shihtzu,2,Marcia,"Comprei pro meu shihtzu, mas ele cheirou e não comeu", 14/01/2024 23:38,organnact,Suplemento Organnact Puppy Dog Sticks para Cães,https://www.petlove.com.br/petisco-organnact-puppy-dog-sticks-para-caes/p?sku=3102748465,petisco suplementoso
208,Ótimo,5,Leticia,Minha cachorrinha fica mais calma., 22/08/2023 17:23,organnact,Suplemento Organnact Puppy Dog Sticks para Cães,https://www.petlove.com.br/petisco-organnact-puppy-dog-sticks-para-caes/p?sku=3102748465,petisco suplementoso
209,Maravilhoso,5,Matheus,"Efeito calmante não notei muito, mas meus meninos são doidos por esse petisco", 19/11/2022 11:29,organnact,Suplemento Organnact Puppy Dog Sticks para Cães,https://www.petlove.com.br/petisco-organnact-puppy-dog-sticks-para-caes/p?sku=3102748465,petisco suplementoso
210,Ótima,5,Juliana,Muito boa, 23/03/2024 21:59,organnact,Suplemento Organnact Puppy Dog Sticks para Cães,https://www.petlove.com.br/petisco-organnact-puppy-dog-sticks-para-caes/p?sku=3102748465,petisco suplementoso
211,Muito bom pros dentinhos,5,Giovanna,"Minha neném amaaa. A veterinária recomendou por conta dos tártaros, por ser sptiz tem uma tendência maior. Dou a metade de um filetinho de 2 em 2 dias. É ótimo! Todo veterinário elogia a saúde dos dentinhos dela", 21/07/2023 16:51,organnact,Suplemento Organnact Puppy Dog Sticks para Cães,https://www.petlove.com.br/petisco-organnact-puppy-dog-sticks-para-caes/p?sku=3102748465,petisco suplementoso
212,Muito bom,5,Eduardo,Meu shih tzu ama! Ele demorou um pouco para se acostumar. Hoje em dia quando pego para dar ele fica pulando de felicidade., 16/06/2023 19:17,organnact,Suplemento Organnact Puppy Dog Sticks para Cães,https://www.petlove.com.br/petisco-organnact-puppy-dog-sticks-para-caes/p?sku=3102748465,petisco suplementoso
213,Excelente,5,Rosy,"Melhorou muito a coceira dos meus cachorrinhos, continuo no tratamento.", 17/03/2025 19:46,organnact,Suplemento Organnact Puppy Dog Sticks para Cães,https://www.petlove.com.br/petisco-organnact-puppy-dog-sticks-para-caes/p?sku=3102748465,petisco suplementoso
214,Otima,5,Eliane,Produto muito bom, 30/01/2025 18:48,organnact,Suplemento Organnact Puppy Dog Sticks para Cães,https://www.petlove.com.br/petisco-organnact-puppy-dog-sticks-para-caes/p?sku=3102748465,petisco suplementoso
215,Amei,5,Silvio,Adorei o suplemento acabou com a lágrima ácida do meu lulu da pomerânia, 25/10/2024 09:38,organnact,Suplemento Organnact Puppy Dog Sticks para Cães,https://www.petlove.com.br/petisco-organnact-puppy-dog-sticks-para-caes/p?sku=3102748465,petisco suplementoso
216,Mudança radical,5,Jucineide,"Amei, eles mastigam e é palatável de carne...", 14/10/2024 13:35,organnact,Suplemento Organnact Puppy Dog Sticks para Cães,https://www.petlove.com.br/petisco-organnact-puppy-dog-sticks-para-caes/p?sku=3102748465,petisco suplementoso
217,Recomendo,5,Rosemeire,"Depois da adaptação, assim que pego o frasco ela já vem pra tomar o medicamento",eire ,organnact,Suplemento Organnact Puppy Dog Sticks para Cães,https://www.petlove.com.br/petisco-organnact-puppy-dog-sticks-para-caes/p?sku=3102748465,petisco suplementoso
218,"Não gostei, muito grande a cápsula",1,Vitória,"A cápsula é estremamente grande para administrar para um animal idoso, deveria ser menor", 26/02/2025 14:38,organnact,Suplemento Organnact Puppy Dog Sticks para Cães,https://www.petlove.com.br/petisco-organnact-puppy-dog-sticks-para-caes/p?sku=3102748465,petisco suplementoso
219,Omega1000,5,Monica,Maravilhoso, 13/02/2025 00:36,organnact,Suplemento Organnact Puppy Dog Sticks para Cães,https://www.petlove.com.br/petisco-organnact-puppy-dog-sticks-para-caes/p?sku=3102748465,petisco suplementoso
220,Suplemento,5,Katia,Comecei a dar agora, 27/01/2025 17:40,organnact,Suplemento Organnact Puppy Dog Sticks para Cães,https://www.petlove.com.br/petisco-organnact-puppy-dog-sticks-para-caes/p?sku=3102748465,petisco suplementoso
221,Excelente,5,Luciano,Excelente, 28/12/2024 17:40,organnact,Suplemento Organnact Puppy Dog Sticks para Cães,https://www.petlove.com.br/petisco-organnact-puppy-dog-sticks-para-caes/p?sku=3102748465,petisco suplementoso
222,Ômega 3,5,Ana,Comprei pra ver se melhora os olhos da minha cachorra que tem muita secreção, 23/11/2024 15:47,organnact,Suplemento Organnact Puppy Dog Sticks para Cães,https://www.petlove.com.br/petisco-organnact-puppy-dog-sticks-para-caes/p?sku=3102748465,petisco suplementoso
223,Indico muito,5,Renata,"Fácil adaptação para ingestão do meu pet, me surpreendi, ele tem dificuldade em aceitar bem suplementos pelo cheiro que costumam ter. O cheiro desse é bem mais suave.", 31/10/2023 08:55,organnact,Suplemento Organnact Puppy Dog Sticks para Cães,https://www.petlove.com.br/petisco-organnact-puppy-dog-sticks-para-caes/p?sku=3102748465,petisco suplementoso
224,Não gostei,2,Juliana,Minhas cachorras não gostaram do produto, 05/06/2023 17:52,organnact,Suplemento Organnact Puppy Dog Sticks para Cães,https://www.petlove.com.br/petisco-organnact-puppy-dog-sticks-para-caes/p?sku=3102748465,petisco suplementoso
225,Espectativa boa mas,2,Marcia,Não conseguiu comer, 14/01/2024 23:35,organnact,Suplemento Organnact Puppy Dog Sticks para Cães,https://www.petlove.com.br/petisco-organnact-puppy-dog-sticks-para-caes/p?sku=3102748465,petisco suplementoso
226,Meus cachorros amaram,5,isabela,Ele é macio fácil de dar e os cachorros amaram, 02/02/2025 21:00,organnact,Suplemento Organnact Puppy Dog Sticks para Cães,https://www.petlove.com.br/petisco-organnact-puppy-dog-sticks-para-caes/p?sku=3102748465,petisco suplementoso
227,Petiscos,3,Milena,Meu cachorro começou a tomar a pouco tempo ainda não posso dizer se está fazendo efeito, 15/02/2025 18:17,organnact,Suplemento Organnact Puppy Dog Sticks para Cães,https://www.petlove.com.br/petisco-organnact-puppy-dog-sticks-para-caes/p?sku=3102748465,petisco suplementoso
228,Cumpre o que promete,5,Daniele,Acalma mesmo e é otimo como petisco., 15/02/2025 10:55,spin,Suplemento Spin Pet Actionlife Sênior 7+ para Cães,https://www.petlove.com.br/suplemento-simbiotico-spin-pet-actionlife-senior-7-para-caes/p?sku=31027530188,petisco suplementoso
229,Caramelos,5,Maria,Minhas cachorras adoram, 26/12/2024 10:17,spin,Suplemento Spin Pet Actionlife Sênior 7+ para Cães,https://www.petlove.com.br/suplemento-simbiotico-spin-pet-actionlife-senior-7-para-caes/p?sku=31027530188,petisco suplementoso
230,Milagroso!,5,Paulo,"Nossas duas SRD são viradas no Jiraya! Esse petisco acalma demais as duas. É nítido a diferença de quando saímos de casa sem dar o petisco antes. Dando o petisco uns 20 minutos antes de sairmos, elas ficam de boa. Sem dar o petisco, é o caos na terra de choro e latidos. Tô fazendo estoque dessa droga pesadíssima!", 18/05/2024 11:23,spin,Suplemento Spin Pet Actionlife Sênior 7+ para Cães,https://www.petlove.com.br/suplemento-simbiotico-spin-pet-actionlife-senior-7-para-caes/p?sku=31027530188,petisco suplementoso
231,Não parece muito atrativo,2,jonas,"Meu cachorro cheirou, mas nas poucas vezes que tentou interagir não comeu. Até tentei quebrar, mas era muito duro, e o que consegui dar ele cuspiu.", 17/03/2024 00:45,spin,Suplemento Spin Pet Actionlife Sênior 7+ para Cães,https://www.petlove.com.br/suplemento-simbiotico-spin-pet-actionlife-senior-7-para-caes/p?sku=31027530188,petisco suplementoso
232,Shihtzu,2,Marcia,"Comprei pro meu shihtzu, mas ele cheirou e não comeu", 14/01/2024 23:38,spin,Suplemento Spin Pet Actionlife Sênior 7+ para Cães,https://www.petlove.com.br/suplemento-simbiotico-spin-pet-actionlife-senior-7-para-caes/p?sku=31027530188,petisco suplementoso
233,Shihtzu,2,Marcia,"Comprei pro meu shihtzu, mas ele cheirou e não comeu", 14/01/2024 23:38,spin,Suplemento Spin Pet Actionlife Sênior 7+ para Cães,https://www.petlove.com.br/suplemento-simbiotico-spin-pet-actionlife-senior-7-para-caes/p?sku=31027530188,petisco suplementoso
234,Ótimo,5,Leticia,Minha cachorrinha fica mais calma., 22/08/2023 17:23,spin,Suplemento Spin Pet Actionlife Sênior 7+ para Cães,https://www.petlove.com.br/suplemento-simbiotico-spin-pet-actionlife-senior-7-para-caes/p?sku=31027530188,petisco suplementoso
235,Maravilhoso,5,Matheus,"Efeito calmante não notei muito, mas meus meninos são doidos por esse petisco", 19/11/2022 11:29,spin,Suplemento Spin Pet Actionlife Sênior 7+ para Cães,https://www.petlove.com.br/suplemento-simbiotico-spin-pet-actionlife-senior-7-para-caes/p?sku=31027530188,petisco suplementoso
236,Ótima,5,Juliana,Muito boa, 23/03/2024 21:59,spin,Suplemento Spin Pet Actionlife Sênior 7+ para Cães,https://www.petlove.com.br/suplemento-simbiotico-spin-pet-actionlife-senior-7-para-caes/p?sku=31027530188,petisco suplementoso
237,Muito bom pros dentinhos,5,Giovanna,"Minha neném amaaa. A veterinária recomendou por conta dos tártaros, por ser sptiz tem uma tendência maior. Dou a metade de um filetinho de 2 em 2 dias. É ótimo! Todo veterinário elogia a saúde dos dentinhos dela", 21/07/2023 16:51,spin,Suplemento Spin Pet Actionlife Sênior 7+ para Cães,https://www.petlove.com.br/suplemento-simbiotico-spin-pet-actionlife-senior-7-para-caes/p?sku=31027530188,petisco suplementoso
238,Muito bom,5,Eduardo,Meu shih tzu ama! Ele demorou um pouco para se acostumar. Hoje em dia quando pego para dar ele fica pulando de felicidade., 16/06/2023 19:17,spin,Suplemento Spin Pet Actionlife Sênior 7+ para Cães,https://www.petlove.com.br/suplemento-simbiotico-spin-pet-actionlife-senior-7-para-caes/p?sku=31027530188,petisco suplementoso
239,Excelente,5,Rosy,"Melhorou muito a coceira dos meus cachorrinhos, continuo no tratamento.", 17/03/2025 19:46,spin,Suplemento Spin Pet Actionlife Sênior 7+ para Cães,https://www.petlove.com.br/suplemento-simbiotico-spin-pet-actionlife-senior-7-para-caes/p?sku=31027530188,petisco suplementoso
240,Otima,5,Eliane,Produto muito bom, 30/01/2025 18:48,spin,Suplemento Spin Pet Actionlife Sênior 7+ para Cães,https://www.petlove.com.br/suplemento-simbiotico-spin-pet-actionlife-senior-7-para-caes/p?sku=31027530188,petisco suplementoso
241,Amei,5,Silvio,Adorei o suplemento acabou com a lágrima ácida do meu lulu da pomerânia, 25/10/2024 09:38,spin,Suplemento Spin Pet Actionlife Sênior 7+ para Cães,https://www.petlove.com.br/suplemento-simbiotico-spin-pet-actionlife-senior-7-para-caes/p?sku=31027530188,petisco suplementoso
242,Mudança radical,5,Jucineide,"Amei, eles mastigam e é palatável de carne...", 14/10/2024 13:35,spin,Suplemento Spin Pet Actionlife Sênior 7+ para Cães,https://www.petlove.com.br/suplemento-simbiotico-spin-pet-actionlife-senior-7-para-caes/p?sku=31027530188,petisco suplementoso
243,Recomendo,5,Rosemeire,"Depois da adaptação, assim que pego o frasco ela já vem pra tomar o medicamento",eire ,spin,Suplemento Spin Pet Actionlife Sênior 7+ para Cães,https://www.petlove.com.br/suplemento-simbiotico-spin-pet-actionlife-senior-7-para-caes/p?sku=31027530188,petisco suplementoso
244,"Não gostei, muito grande a cápsula",1,Vitória,"A cápsula é estremamente grande para administrar para um animal idoso, deveria ser menor", 26/02/2025 14:38,spin,Suplemento Spin Pet Actionlife Sênior 7+ para Cães,https://www.petlove.com.br/suplemento-simbiotico-spin-pet-actionlife-senior-7-para-caes/p?sku=31027530188,petisco suplementoso
245,Omega1000,5,Monica,Maravilhoso, 13/02/2025 00:36,spin,Suplemento Spin Pet Actionlife Sênior 7+ para Cães,https://www.petlove.com.br/suplemento-simbiotico-spin-pet-actionlife-senior-7-para-caes/p?sku=31027530188,petisco suplementoso
246,Suplemento,5,Katia,Comecei a dar agora, 27/01/2025 17:40,spin,Suplemento Spin Pet Actionlife Sênior 7+ para Cães,https://www.petlove.com.br/suplemento-simbiotico-spin-pet-actionlife-senior-7-para-caes/p?sku=31027530188,petisco suplementoso
247,Excelente,5,Luciano,Excelente, 28/12/2024 17:40,spin,Suplemento Spin Pet Actionlife Sênior 7+ para Cães,https://www.petlove.com.br/suplemento-simbiotico-spin-pet-actionlife-senior-7-para-caes/p?sku=31027530188,petisco suplementoso
248,Ômega 3,5,Ana,Comprei pra ver se melhora os olhos da minha cachorra que tem muita secreção, 23/11/2024 15:47,spin,Suplemento Spin Pet Actionlife Sênior 7+ para Cães,https://www.petlove.com.br/suplemento-simbiotico-spin-pet-actionlife-senior-7-para-caes/p?sku=31027530188,petisco suplementoso
249,Indico muito,5,Renata,"Fácil adaptação para ingestão do meu pet, me surpreendi, ele tem dificuldade em aceitar bem suplementos pelo cheiro que costumam ter. O cheiro desse é bem mais suave.", 31/10/2023 08:55,spin,Suplemento Spin Pet Actionlife Sênior 7+ para Cães,https://www.petlove.com.br/suplemento-simbiotico-spin-pet-actionlife-senior-7-para-caes/p?sku=31027530188,petisco suplementoso
250,Não gostei,2,Juliana,Minhas cachorras não gostaram do produto, 05/06/2023 17:52,spin,Suplemento Spin Pet Actionlife Sênior 7+ para Cães,https://www.petlove.com.br/suplemento-simbiotico-spin-pet-actionlife-senior-7-para-caes/p?sku=31027530188,petisco suplementoso
251,Espectativa boa mas,2,Marcia,Não conseguiu comer, 14/01/2024 23:35,spin,Suplemento Spin Pet Actionlife Sênior 7+ para Cães,https://www.petlove.com.br/suplemento-simbiotico-spin-pet-actionlife-senior-7-para-caes/p?sku=31027530188,petisco suplementoso
252,Meus cachorros amaram,5,isabela,Ele é macio fácil de dar e os cachorros amaram, 02/02/2025 21:00,spin,Suplemento Spin Pet Actionlife Sênior 7+ para Cães,https://www.petlove.com.br/suplemento-simbiotico-spin-pet-actionlife-senior-7-para-caes/p?sku=31027530188,petisco suplementoso
253,Petiscos,3,Milena,Meu cachorro começou a tomar a pouco tempo ainda não posso dizer se está fazendo efeito, 15/02/2025 18:17,spin,Suplemento Spin Pet Actionlife Sênior 7+ para Cães,https://www.petlove.com.br/suplemento-simbiotico-spin-pet-actionlife-senior-7-para-caes/p?sku=31027530188,petisco suplementoso
